,model,k,mutations,kept,lost,diff_abs,diff_rel
0,CNN_onehot,0,0,0.9232188952205482,0.9232188952205482,0.0,0.0
1,CNN_onehot,1,0,0.9294411428633056,0.9294411421537266,7.095789511524231e-10,7.634468612849332e-10
2,CNN_onehot,2,0,0.8200925872752479,0.8200925861065295,1.1687184553466068e-09,1.4251054780700656e-09
3,CNN_onehot,3,0,0.8744659130563858,0.8744659130563858,0.0,0.0
4,CNN_onehot,4,0,0.8333109989365999,0.8333109989365999,0.0,0.0
5,CNN_onehot,5,0,0.8451315804344156,0.8451315812442614,-8.098457460192776e-10,-9.582481474978977e-10
6,CNN_onehot,6,0,0.8986434917496418,0.8986434917496418,0.0,0.0
7,CNN_onehot,7,0,0.8885782153007731,0.8885782153007731,0.0,0.0
8,CNN_onehot,8,0,0.8771218307071713,0.8771218325133727,-1.806201410659014e-09,-2.059236559048827e-09
9,CNN_onehot,9,0,0.8927612797782309,0.8927612804261077,-6.478767522466455e-10,-7.256999445814927e-10
10,CNN_onehot,0,1,0.9078009913311637,0.9100721172093812,-0.002271125878217539,-0.002501788277282202
11,CNN_onehot,1,1,0.9092429714843756,0.9127089387086768,-0.0034659672243011475,-0.0038119263310254503
12,CNN_onehot,2,1,0.8063731981928345,0.8119049195955003,-0.005531721402665779,-0.006860001566350249
13,CNN_onehot,3,1,0.8546852468663055,0.8568393698511406,-0.002154122984835083,-0.0025203699171516547
14,CNN_onehot,4,1,0.8228272094516784,0.8238448360948064,-0.001017626643127989,-0.001236744035003623
15,CNN_onehot,5,1,0.8420808682461147,0.8356202896873373,0.006460578558777463,0.007672159293006575
16,CNN_onehot,6,1,0.8707332210868971,0.8769915015780531,-0.006258280491155954,-0.007187368460966681
17,CNN_onehot,7,1,0.8740398045849044,0.8795407597656887,-0.005500955180784306,-0.0062937124281161605
18,CNN_onehot,8,1,0.8540354355984691,0.8595262744435759,-0.005490838845106816,-0.006429286908053333
19,CNN_onehot,9,1,0.8782580773184157,0.8779616901300091,0.0002963871884065217,0.0003374716339774597
20,CNN_onehot,0,2,0.8913070456638905,0.9034363712033918,-0.012129325539501301,-0.013608470390208627
21,CNN_onehot,1,2,0.8892796490601973,0.8890472602057603,0.00023238885443699342,0.0002613225824773524
22,CNN_onehot,2,2,0.7961970473937934,0.8022727864557038,-0.00607573906191039,-0.007630948999117981
23,CNN_onehot,3,2,0.8301498123026716,0.8413282073696482,-0.011178395066976599,-0.013465515382060866
24,CNN_onehot,4,2,0.8102934563902359,0.8164558828048778,-0.0061624264146419305,-0.007605178551107761
25,CNN_onehot,5,2,0.8260962004125442,0.8295884453138147,-0.003492244901270536,-0.004227407049598453
26,CNN_onehot,6,2,0.8432485903790187,0.8550528435270205,-0.01180425314800182,-0.013998544773963006
27,CNN_onehot,7,2,0.8644634558975829,0.8702290339170128,-0.0057655780194298956,-0.006669545115060238
28,CNN_onehot,8,2,0.8403402640976588,0.8409654027518976,-0.0006251386542387438,-0.0007439113427583077
29,CNN_onehot,9,2,0.8538989555579948,0.8608692370992883,-0.006970281541293533,-0.008162888004399349
30,CNN_onehot,0,3,0.8876500621701227,0.8948022234604518,-0.00715216129032914,-0.008057410904521944
31,CNN_onehot,1,3,0.8711984098615896,0.8688056323757717,0.0023927774858178985,0.0027465356441571664
32,CNN_onehot,2,3,0.7834951063692571,0.7929075752285619,-0.009412468859304801,-0.012013436692569046
33,CNN_onehot,3,3,0.8130796517575746,0.8198604698777544,-0.006780818120179832,-0.00833967263296076
34,CNN_onehot,4,3,0.7898800648622027,0.8072188957056905,-0.01733883084348775,-0.021951219703857827
35,CNN_onehot,5,3,0.8094587604940423,0.8206738729191863,-0.011215112425143947,-0.013855075727760235
36,CNN_onehot,6,3,0.8257390453703835,0.8424727210688228,-0.01673367569843931,-0.020265089548882287
37,CNN_onehot,7,3,0.8391490388419863,0.8586476147812201,-0.019498575939233764,-0.023236129741793565
38,CNN_onehot,8,3,0.8206954704036291,0.8316017019976344,-0.010906231594005278,-0.013289011560696729
39,CNN_onehot,9,3,0.8298853585435806,0.8508090137888717,-0.02092365524529116,-0.025212705622390308
40,CNN_onehot,0,4,0.8656058860499732,0.8712341238761997,-0.0056282378262264565,-0.006502078967958402
41,CNN_onehot,1,4,0.8562723706523143,0.8558742077952909,0.0003981628570234319,0.00046499556761370187
42,CNN_onehot,2,4,0.7699264902847283,0.7734072993650581,-0.003480809080329883,-0.0045209628766542664
43,CNN_onehot,3,4,0.8075302675343728,0.8166076490345101,-0.00907738150013726,-0.011240917975561704
44,CNN_onehot,4,4,0.7784541655659348,0.7920370071935348,-0.013582841627599929,-0.017448479600241207
45,CNN_onehot,5,4,0.8068508398581158,0.8079252335463685,-0.0010743936882526839,-0.0013315889817275828
46,CNN_onehot,6,4,0.8111527640004079,0.8237665026984263,-0.012613738698018406,-0.015550386139117078
47,CNN_onehot,7,4,0.8296518852794403,0.8518402678578779,-0.022188382578437582,-0.02674420798907029
48,CNN_onehot,8,4,0.8037915367386018,0.8186111413718512,-0.014819604633249384,-0.01843712449795154
49,CNN_onehot,9,4,0.8086730697993939,0.8238034596905495,-0.01513038989115556,-0.01871014437875229
50,CNN_onehot,0,5,0.8435829982937624,0.8676283379990184,-0.02404533970525602,-0.028503822094435582
51,CNN_onehot,1,5,0.8510923235363902,0.8543432733801201,-0.0032509498437298667,-0.0038197381809552677
52,CNN_onehot,2,5,0.7644816128734923,0.7772439198234142,-0.012762306949921975,-0.016694066587097822
53,CNN_onehot,3,5,0.7866587583552432,0.7961145051727224,-0.009455746817479183,-0.012020137978568268
54,CNN_onehot,4,5,0.7723179813532852,0.7859199213835538,-0.0136019400302686,-0.017611839111184135
55,CNN_onehot,5,5,0.7958865354597277,0.8005010377140899,-0.004614502254362218,-0.005797939842890676
56,CNN_onehot,6,5,0.8240575660356736,0.8369502500417719,-0.012892684006098332,-0.01564536816052997
57,CNN_onehot,7,5,0.8215698034301693,0.8469262788407017,-0.02535647541053243,-0.03086344617908976
58,CNN_onehot,8,5,0.8164675124110309,0.8242073204392498,-0.007739808028218942,-0.009479627677239977
59,CNN_onehot,9,5,0.8297873451322731,0.8394608531132459,-0.009673507980972773,-0.011657815749685607
60,CNN_onehot,0,6,0.8510758425192668,0.8554268518968239,-0.004351009377557058,-0.005112363857817437
61,CNN_onehot,1,6,0.8396778684811129,0.8545981023358564,-0.014920233854743503,-0.017768997391502728
62,CNN_onehot,2,6,0.7535334350129806,0.7656343092850174,-0.012100874272036766,-0.016058841863902495
63,CNN_onehot,3,6,0.7854800008509515,0.7965554567580628,-0.011075455907111342,-0.014100239210562693
64,CNN_onehot,4,6,0.7719137243910605,0.7870312409475446,-0.015117516556484079,-0.019584464013008507
65,CNN_onehot,5,6,0.7957680345460515,0.7996058268021002,-0.0038377922560487443,-0.004822752472380953
66,CNN_onehot,6,6,0.8156465177621806,0.8265693153299036,-0.010922797567723075,-0.013391582419417514
67,CNN_onehot,7,6,0.8345030965656042,0.8472328749972216,-0.012729778431617378,-0.015254321384793768
68,CNN_onehot,8,6,0.7863648122634428,0.8025405855255667,-0.016175773262123938,-0.02057031674085752
69,CNN_onehot,9,6,0.8179491019210158,0.8255726427887566,-0.007623540867740863,-0.009320312046111834
70,CNN_onehot,0,7,0.8341506819520146,0.8492877355621506,-0.015137053610136064,-0.01814666574954238
71,CNN_onehot,1,7,0.8392937896893391,0.8550673620294659,-0.015773572340126774,-0.018793862809309392
72,CNN_onehot,2,7,0.74343763478597,0.7450382956233289,-0.0016006608373588804,-0.002153053279068562
73,CNN_onehot,3,7,0.7667461507283545,0.7855101617558233,-0.01876401102746883,-0.024472259834163346
74,CNN_onehot,4,7,0.7446015257698794,0.7521389721458157,-0.007537446375936341,-0.010122792010321291
75,CNN_onehot,5,7,0.7921240095030609,0.7978941182786626,-0.00577010877560169,-0.007284350311792087
76,CNN_onehot,6,7,0.8108926862617261,0.8144542209118308,-0.0035615346501047807,-0.00439211588715116
77,CNN_onehot,7,7,0.8150797343455876,0.8253573008851769,-0.010277566539589333,-0.012609277481105519
78,CNN_onehot,8,7,0.7710554861039033,0.7720928138530557,-0.001037327749152439,-0.0013453347623451073
79,CNN_onehot,9,7,0.8262803004328774,0.8366042384528009,-0.010323938019923484,-0.012494474350308149
80,CNN_onehot,0,8,0.8198984571718784,0.8156882576765148,0.004210199495363609,0.005135025512654434
81,CNN_onehot,1,8,0.8061839090211801,0.8059699121828157,0.0002139968383644275,0.0002654441945191266
82,CNN_onehot,2,8,0.7172143169702627,0.7252539677831991,-0.008039650812936339,-0.011209551486504488
83,CNN_onehot,3,8,0.6874058924272455,0.6986859652838244,-0.011280072856578949,-0.016409624911344345
84,CNN_onehot,4,8,0.7057433621876914,0.7226921966555866,-0.01694883446789519,-0.024015577582418235
85,CNN_onehot,5,8,0.7915379915465699,0.7950848267301389,-0.0035468351835690193,-0.004480941182164688
86,CNN_onehot,6,8,0.7977204718057894,0.78862678648697,0.009093685318819378,0.011399588753481682
87,CNN_onehot,7,8,0.8055071797788318,0.8120192543227683,-0.006512074543936541,-0.008084440098627743
88,CNN_onehot,8,8,0.7589380773607696,0.7432263105972737,0.015711766763495838,0.020702303958886836
89,CNN_onehot,9,8,0.8120217515364884,0.8323132904286942,-0.020291538892205807,-0.02498891052340735
90,CNN_onehot,0,9,0.8112666409173659,0.8167342473501232,-0.005467606432757344,-0.006739592332521749
91,CNN_onehot,1,9,0.7554804783493567,0.7714058923606689,-0.0159254140113122,-0.02107984847749811
92,CNN_onehot,2,9,0.7045767611973448,0.6796723725987069,0.02490438859863786,0.0353465938279256
93,CNN_onehot,3,9,0.6621101871307473,0.6629924543046702,-0.0008822671739229238,-0.0013325080795785205
94,CNN_onehot,4,9,0.7006980613542673,0.7059409855458981,-0.00524292419163086,-0.007482429994879247
95,CNN_onehot,5,9,0.7969669830579407,0.7876758878573011,0.009291095200639532,0.011658067897605817
96,CNN_onehot,6,9,0.7490809082388877,0.7465558548743526,0.0025250533645351236,0.003370868669542837
97,CNN_onehot,7,9,0.7656291903890293,0.7668045167670106,-0.001175326377981234,-0.001535111765245123
98,CNN_onehot,8,9,0.6890914015122689,0.6687640888331872,0.02032731267908172,0.02949871763669043
99,CNN_onehot,9,9,0.8084055542908609,0.8120464118892948,-0.003640857598433911,-0.004503751340040774
100,CNN_onehot_pretrained,0,0,0.9557245902476772,0.9557245905681324,-3.2045521791701503e-10,-3.353008981576977e-10
101,CNN_onehot_pretrained,1,0,0.9173482480192824,0.9173482473097032,7.09579173197028e-10,7.735112550477652e-10
102,CNN_onehot_pretrained,2,0,0.9255109111796701,0.925510911910119,-7.304489235693268e-10,-7.892386744146052e-10
103,CNN_onehot_pretrained,3,0,0.8764183375994664,0.8764183375994664,0.0,0.0
104,CNN_onehot_pretrained,4,0,0.9157754656799296,0.9157754650458376,6.340920011282947e-10,6.924099071881074e-10
105,CNN_onehot_pretrained,5,0,0.8617734244477976,0.8617734254196124,-9.718148508142121e-10,-1.1276919398284235e-09
106,CNN_onehot_pretrained,6,0,0.9005503132785996,0.9005503119967793,1.2818203165565478e-09,1.42337441833007e-09
107,CNN_onehot_pretrained,7,0,0.9595878219182512,0.959587820335827,1.5824241916817527e-09,1.6490665499802049e-09
108,CNN_onehot_pretrained,8,0,0.9377291931152212,0.937729193265738,-1.5051682122901866e-10,-1.6051204809741648e-10
109,CNN_onehot_pretrained,9,0,0.8754956079571022,0.8754956073092256,6.478766412243431e-10,7.400112744804233e-10
110,CNN_onehot_pretrained,0,1,0.9431082184449852,0.9348176729149356,0.008290545530049598,0.008790661949398815
111,CNN_onehot_pretrained,1,1,0.9023867950146456,0.891683427847567,0.010703367167078537,0.011861174416791909
112,CNN_onehot_pretrained,2,1,0.914226069287823,0.9056920551658408,0.00853401412198218,0.009334686910241086
113,CNN_onehot_pretrained,3,1,0.8650816391851589,0.8518522287168004,0.01322941046835846,0.01529267281735347
114,CNN_onehot_pretrained,4,1,0.9040443481758554,0.8935632685661739,0.010481079609681587,0.011593545859591825
115,CNN_onehot_pretrained,5,1,0.8493282149812422,0.835386126953771,0.013942088027471211,0.016415430197122438
116,CNN_onehot_pretrained,6,1,0.8854693399430136,0.8825706196366288,0.0028987203063848277,0.003273654067538212
117,CNN_onehot_pretrained,7,1,0.946358009891524,0.9433178408835138,0.003040169008010185,0.003212493555539986
118,CNN_onehot_pretrained,8,1,0.9313025152399708,0.9236048158306412,0.007697699409329517,0.008265519832023727
119,CNN_onehot_pretrained,9,1,0.8627609797194937,0.8470881053067717,0.015672874412722027,0.01816595184661418
120,CNN_onehot_pretrained,0,2,0.9246295891714276,0.9064642038977018,0.018165385273725798,0.019646121524192206
121,CNN_onehot_pretrained,1,2,0.8877728780140243,0.8556986169416516,0.032074261072372656,0.03612890398738444
122,CNN_onehot_pretrained,2,2,0.9011204244920472,0.8759625179802671,0.02515790651178007,0.027918473300570623
123,CNN_onehot_pretrained,3,2,0.8430905641440384,0.8141955508025374,0.02889501334150102,0.034272727712042594
124,CNN_onehot_pretrained,4,2,0.8898219732224202,0.8716590382621116,0.01816293496030863,0.0204118750793858
125,CNN_onehot_pretrained,5,2,0.8255986055922762,0.8023235396964583,0.023275065895817848,0.028191745647536015
126,CNN_onehot_pretrained,6,2,0.8650974450360877,0.8502431946549787,0.014854250381108991,0.01717060946872795
127,CNN_onehot_pretrained,7,2,0.932604215790828,0.911679403513538,0.020924812277289928,0.022436969427107045
128,CNN_onehot_pretrained,8,2,0.9166726287185084,0.8973994911281057,0.019273137590402722,0.021025104259244864
129,CNN_onehot_pretrained,9,2,0.84854472138568,0.8268666196592571,0.021678101726422927,0.02554738858197414
130,CNN_onehot_pretrained,0,3,0.9187598171677656,0.8847639382502615,0.03399587891750411,0.037001921810536076
131,CNN_onehot_pretrained,1,3,0.8658002121033648,0.8105634308533264,0.05523678125003839,0.063798530513
132,CNN_onehot_pretrained,2,3,0.8848774262104804,0.8435149572686059,0.04136246894187445,0.04674372711598118
133,CNN_onehot_pretrained,3,3,0.8316896245164659,0.7775145451697797,0.054175079346686195,0.06513857784168331
134,CNN_onehot_pretrained,4,3,0.8694313741465997,0.8440841088525444,0.025347265294055288,0.02915384243976149
135,CNN_onehot_pretrained,5,3,0.8054572278881729,0.7658809185296338,0.039576309358539064,0.04913520915605185
136,CNN_onehot_pretrained,6,3,0.8552744346015396,0.8256878433136439,0.029586591287895758,0.03459309677797129
137,CNN_onehot_pretrained,7,3,0.9172106035097686,0.8808143843860973,0.0363962191236713,0.0396814199316915
138,CNN_onehot_pretrained,8,3,0.903274964574632,0.8780648087271684,0.025210155847463556,0.027909724985387463
139,CNN_onehot_pretrained,9,3,0.8332066562461188,0.7883775393082085,0.04482911693791025,0.05380311907238089
140,CNN_onehot_pretrained,0,4,0.8964263114767771,0.8465733305036836,0.04985298097309354,0.05561302734517626
141,CNN_onehot_pretrained,1,4,0.8484844261050097,0.7655828783463455,0.0829015477586642,0.09770544421095151
142,CNN_onehot_pretrained,2,4,0.8602033087587053,0.7900437793154301,0.07015952944327519,0.08156156658420333
143,CNN_onehot_pretrained,3,4,0.8188353805940543,0.7456462245215645,0.07318915607248977,0.08938201475782837
144,CNN_onehot_pretrained,4,4,0.8551613083354883,0.8048474573079947,0.05031385102749364,0.05883550920401914
145,CNN_onehot_pretrained,5,4,0.7993404397189066,0.7270481902734307,0.07229224944547585,0.09043987499356088
146,CNN_onehot_pretrained,6,4,0.8291572120761694,0.7743217401195286,0.05483547195664085,0.06613398660470615
147,CNN_onehot_pretrained,7,4,0.8962590931201572,0.8369483267638116,0.05931076635634558,0.06617591588372773
148,CNN_onehot_pretrained,8,4,0.8885920957017921,0.8397488031564059,0.04884329254538622,0.05496705719266026
149,CNN_onehot_pretrained,9,4,0.8173744570863034,0.7459279592283712,0.07144649785793222,0.0874097511104246
150,CNN_onehot_pretrained,0,5,0.8899455775398424,0.7979233974080042,0.09202218013183816,0.10340203092668143
151,CNN_onehot_pretrained,1,5,0.8385297766701144,0.7151541652459825,0.12337561142413189,0.14713325019186407
152,CNN_onehot_pretrained,2,5,0.8546886717579959,0.7754623170706679,0.07922635468732797,0.0926961562791847
153,CNN_onehot_pretrained,3,5,0.8008077362214537,0.6838077386222692,0.11699999759918456,0.14610248166587347
154,CNN_onehot_pretrained,4,5,0.8494488724532957,0.7661384291857408,0.08331044326755488,0.09807587715896982
155,CNN_onehot_pretrained,5,5,0.7899061710285206,0.6853862979668467,0.10451987306167387,0.1323193524688897
156,CNN_onehot_pretrained,6,5,0.8477613160576616,0.7608501731168762,0.08691114294078539,0.10251841089535396
157,CNN_onehot_pretrained,7,5,0.8848946977571092,0.7987076611595922,0.08618703659751692,0.09739807099756637
158,CNN_onehot_pretrained,8,5,0.8947683007416264,0.8081497085585552,0.08661859218307122,0.09680561114120567
159,CNN_onehot_pretrained,9,5,0.8400768796152931,0.7450599635320176,0.09501691608327545,0.11310502453869187
160,CNN_onehot_pretrained,0,6,0.8811104965234041,0.7674753836786815,0.11363511284472261,0.12896806165979458
161,CNN_onehot_pretrained,1,6,0.8458840759266933,0.6818352090431905,0.16404886688350284,0.19393776470349322
162,CNN_onehot_pretrained,2,6,0.8359750546159664,0.7112217101097353,0.1247533445062311,0.14923094154231764
163,CNN_onehot_pretrained,3,6,0.7954078138884569,0.6409218725744221,0.1544859413140348,0.19422230787350425
164,CNN_onehot_pretrained,4,6,0.8478220567712162,0.7555553208549037,0.09226673591631251,0.10882794942572549
165,CNN_onehot_pretrained,5,6,0.7748829479530873,0.6319441943054462,0.14293875364764108,0.18446496212779584
166,CNN_onehot_pretrained,6,6,0.8485101320791207,0.716532398249356,0.13197773382976474,0.15554055142085
167,CNN_onehot_pretrained,7,6,0.8851113021442373,0.7540750375343487,0.1310362646098886,0.14804495693642716
168,CNN_onehot_pretrained,8,6,0.8717072369272258,0.7573600113306991,0.11434722559652677,0.13117618020426391
169,CNN_onehot_pretrained,9,6,0.826498032733895,0.7048101350737367,0.1216878976601583,0.14723313648749814
170,CNN_onehot_pretrained,0,7,0.8747794391183803,0.7241073766900393,0.15067206242834097,0.17224005925446895
171,CNN_onehot_pretrained,1,7,0.8346916323347437,0.6324847424789632,0.2022068898557805,0.24225340475761192
172,CNN_onehot_pretrained,2,7,0.8355143034764462,0.6537998379069484,0.18171446556949777,0.21748815647250075
173,CNN_onehot_pretrained,3,7,0.8001357284070254,0.6234144001069821,0.17672132830004328,0.22086418844447098
174,CNN_onehot_pretrained,4,7,0.8240882772695096,0.680372275825856,0.1437160014436536,0.1743939398335268
175,CNN_onehot_pretrained,5,7,0.7734919584502202,0.6111590734424662,0.162332885007754,0.2098701650796817
176,CNN_onehot_pretrained,6,7,0.8451442294099722,0.6749144168003313,0.17022981260964098,0.2014210198518246
177,CNN_onehot_pretrained,7,7,0.8787091266146551,0.7112055365003956,0.16750359011425942,0.1906246163159696
178,CNN_onehot_pretrained,8,7,0.8554626544205045,0.7070056342645651,0.14845702015593942,0.17354003636372073
179,CNN_onehot_pretrained,9,7,0.8391895559290643,0.6692724130866817,0.16991714284238257,0.20247766626965202
180,CNN_onehot_pretrained,0,8,0.8903473096983335,0.6658468670178102,0.22450044268052338,0.2521492907712479
181,CNN_onehot_pretrained,1,8,0.8089231536840951,0.5547449663203831,0.254178187363712,0.3142179652122741
182,CNN_onehot_pretrained,2,8,0.8293617000886931,0.6292888440735017,0.20007285601519142,0.24123715381816568
183,CNN_onehot_pretrained,3,8,0.7256759815972096,0.5280338324331173,0.19764214916409228,0.2723559194133487
184,CNN_onehot_pretrained,4,8,0.8016792714632912,0.6340122601776587,0.16766701128563255,0.2091447505928311
185,CNN_onehot_pretrained,5,8,0.7789563707951193,0.5869773478847466,0.1919790229103726,0.24645670811371645
186,CNN_onehot_pretrained,6,8,0.8371789257777942,0.6488252353033204,0.1883536904744738,0.22498618237371526
187,CNN_onehot_pretrained,7,8,0.8742914528656772,0.6724129740629421,0.20187847880273513,0.23090524119964262
188,CNN_onehot_pretrained,8,8,0.8405637488603437,0.6396748411145223,0.20088890774582135,0.23899306628223183
189,CNN_onehot_pretrained,9,8,0.8309827090487343,0.6545711037766128,0.17641160527212152,0.21229275092145816
190,CNN_onehot_pretrained,0,9,0.8669011876789917,0.5767492518948937,0.29015193578409804,0.33470012489074996
191,CNN_onehot_pretrained,1,9,0.7784173386780402,0.4901692085296441,0.2882481301483961,0.370300243617284
192,CNN_onehot_pretrained,2,9,0.7867093860010766,0.5184305089096147,0.2682788770914619,0.3410139523759219
193,CNN_onehot_pretrained,3,9,0.6924284947340816,0.4956441605723941,0.19678433416168756,0.28419444846396746
194,CNN_onehot_pretrained,4,9,0.8004248201847076,0.6221068026411395,0.17831801754356813,0.22277922054243537
195,CNN_onehot_pretrained,5,9,0.7957824583051917,0.5854739241927372,0.21030853411245443,0.26427892688204835
196,CNN_onehot_pretrained,6,9,0.8027595162080252,0.5550001864262546,0.24775932978177062,0.3086345596401088
197,CNN_onehot_pretrained,7,9,0.8412176119173039,0.6006301449719967,0.2405874669453072,0.28599908458521217
198,CNN_onehot_pretrained,8,9,0.7700177696911851,0.5709509170525254,0.19906685263865964,0.2585224139937643
199,CNN_onehot_pretrained,9,9,0.7987735095807972,0.6128367532876631,0.1859367562931341,0.23277782007407233
200,CNN_matrix,0,0,0.9023279651438676,0.9023279651438676,0.0,0.0
201,CNN_matrix,1,0,0.9377079920710196,0.937707991893625,1.7739465452137892e-10,1.8917900579396019e-10
202,CNN_matrix,2,0,0.9460167763115582,0.9460167757271992,5.843590056286985e-10,6.177046651956175e-10
203,CNN_matrix,3,0,0.9384854837822226,0.9384854837822226,0.0,0.0
204,CNN_matrix,4,0,0.9494634154871938,0.9494634154871938,0.0,0.0
205,CNN_matrix,5,0,0.9278940131024802,0.9278940143982332,-1.2957529493817788e-09,-1.3964449596670647e-09
206,CNN_matrix,6,0,0.8512711341502845,0.8512711306252787,3.525005842774931e-09,4.140873199887096e-09
207,CNN_matrix,7,0,0.9257583018161554,0.9257582997062564,2.109898922242337e-09,2.279103461511056e-09
208,CNN_matrix,8,0,0.9125056264526916,0.9125056258506246,6.020670628714697e-10,6.597954405052064e-10
209,CNN_matrix,9,0,0.9096363536461824,0.9096363536461824,0.0,0.0
210,CNN_matrix,0,1,0.8898762583118399,0.8779543630151232,0.011921895296716722,0.013397250668686689
211,CNN_matrix,1,1,0.9355707419511404,0.9088604600194634,0.026710281931677016,0.028549719154291275
212,CNN_matrix,2,1,0.9395546783346173,0.916377421056097,0.02317725727852027,0.02466834321936695
213,CNN_matrix,3,1,0.9295837933489296,0.9060123557772406,0.023571437571689002,0.02535697990900876
214,CNN_matrix,4,1,0.9471821731215686,0.9208718747150728,0.02631029840649579,0.027777442558686083
215,CNN_matrix,5,1,0.9171662974944912,0.8762937376462936,0.0408725598481976,0.044563957441363655
216,CNN_matrix,6,1,0.8384054304344253,0.8308375328832629,0.007567897551162384,0.009026536895450521
217,CNN_matrix,7,1,0.9150077310877036,0.9049827258473476,0.010025005240355989,0.010956197308233606
218,CNN_matrix,8,1,0.8974538316100409,0.8514658490763444,0.045987982533696514,0.05124272794199747
219,CNN_matrix,9,1,0.902653535796866,0.8774943230478801,0.025159212748985915,0.027872502295994694
220,CNN_matrix,0,2,0.8844920373792129,0.8422134839612523,0.04227855341796061,0.04779981235697017
221,CNN_matrix,1,2,0.9271799604330832,0.857887989690616,0.06929197074246718,0.07473411171451672
222,CNN_matrix,2,2,0.9339085446064987,0.8680917363017311,0.06581680830476766,0.07047457557260006
223,CNN_matrix,3,2,0.9218503482285,0.8494778592996606,0.0723724889288394,0.0785078500734051
224,CNN_matrix,4,2,0.9474382647432072,0.8834050152038805,0.06403324953932676,0.06758566961266044
225,CNN_matrix,5,2,0.9050022756196626,0.8171118019437215,0.08789047367594116,0.09711630129964244
226,CNN_matrix,6,2,0.8278517995710655,0.8140650967997248,0.013786702771340642,0.01665358797128169
227,CNN_matrix,7,2,0.9095596788335693,0.882649900786205,0.026909778047364274,0.029585500186061098
228,CNN_matrix,8,2,0.881372152434455,0.7923668492165228,0.08900530321793221,0.10098492784471225
229,CNN_matrix,9,2,0.8927932088592333,0.8306688309879974,0.062124377871235925,0.06958428587356236
230,CNN_matrix,0,3,0.8716355057676202,0.7947725884879575,0.07686291727966266,0.08818240740660521
231,CNN_matrix,1,3,0.9155173050579108,0.7956025372970902,0.11991476776082066,0.13098033985631263
232,CNN_matrix,2,3,0.9251412487355992,0.7917382688267778,0.13340297990882144,0.14419741860082957
233,CNN_matrix,3,3,0.9134227413729834,0.7593732588318246,0.1540494825411588,0.16865080708369928
234,CNN_matrix,4,3,0.9413408829552692,0.8255290524260471,0.11581183052922206,0.12302857830379099
235,CNN_matrix,5,3,0.8826486010854369,0.7523768559861692,0.13027174509926764,0.14759185585188261
236,CNN_matrix,6,3,0.8264602812547838,0.7933134612243449,0.033146820030438895,0.040106972811946084
237,CNN_matrix,7,3,0.894073913248591,0.8549069962318668,0.039166917016724145,0.04380724729392038
238,CNN_matrix,8,3,0.8703858832665641,0.7386269925364453,0.13175889073011882,0.1513798572141667
239,CNN_matrix,9,3,0.8815146486161857,0.7658956138726722,0.11561903474351343,0.131159516095409
240,CNN_matrix,0,4,0.8667896634121234,0.7647025344893337,0.1020871289227897,0.11777612635679457
241,CNN_matrix,1,4,0.9127415885459668,0.7418762314527942,0.17086535709317252,0.18720014430959342
242,CNN_matrix,2,4,0.916772809027622,0.7224826530358983,0.19429015599172372,0.21192835790777675
243,CNN_matrix,3,4,0.8999067768941141,0.6925207735784003,0.20738600331571388,0.23045276315339447
244,CNN_matrix,4,4,0.946947243473844,0.7448716692306654,0.20207557424317857,0.21339686623076393
245,CNN_matrix,5,4,0.8837969490764145,0.686617402964858,0.19717954611155653,0.22310503144145621
246,CNN_matrix,6,4,0.8127994043977707,0.7717897751078611,0.04100962928990959,0.050454797417445185
247,CNN_matrix,7,4,0.8886950269430965,0.8301018458844216,0.05859318105867495,0.06593170804637205
248,CNN_matrix,8,4,0.8745271976029843,0.6806736332613051,0.1938535643416791,0.2216667073054076
249,CNN_matrix,9,4,0.8678319411950132,0.7046630322586936,0.16316890893631952,0.18801901749736738
250,CNN_matrix,0,5,0.8559723485071908,0.7251046849513139,0.13086766355587698,0.1528877232823107
251,CNN_matrix,1,5,0.9054075789614202,0.7144071868203421,0.1910003921410781,0.21095515056343117
252,CNN_matrix,2,5,0.9264906867594892,0.6869422863631581,0.23954840039633107,0.25855456921448394
253,CNN_matrix,3,5,0.910761290808101,0.6177816133132711,0.2929796774948299,0.3216865719390365
254,CNN_matrix,4,5,0.9573869827572328,0.6829814993482375,0.2744054834089953,0.2866191919789002
255,CNN_matrix,5,5,0.8958184566505838,0.6317507144171453,0.26406774223343854,0.29477818889864515
256,CNN_matrix,6,5,0.8386254225928621,0.7803049913297097,0.05832043126315245,0.06954288493048222
257,CNN_matrix,7,5,0.8991336714841571,0.8193367869708857,0.07979688451327138,0.08874863331672855
258,CNN_matrix,8,5,0.8942009157109659,0.6592140632212438,0.23498685248972218,0.262789769459012
259,CNN_matrix,9,5,0.9015262073177532,0.6997107295731512,0.20181547774460207,0.22385980141947204
260,CNN_matrix,0,6,0.8697240084377874,0.7113001554806391,0.15842385295714834,0.18215416778215865
261,CNN_matrix,1,6,0.9159871338392483,0.6779468930958978,0.2380402407433505,0.2598729086353363
262,CNN_matrix,2,6,0.9321859158190288,0.6339316815317395,0.29825423428728925,0.3199514487678564
263,CNN_matrix,3,6,0.9192030872462524,0.591998213512202,0.3272048737340504,0.3559658124237707
264,CNN_matrix,4,6,0.9703982543566416,0.6608146977816851,0.3095835565749565,0.3190273222206128
265,CNN_matrix,5,6,0.9007447222173134,0.5941595969028223,0.3065851253144911,0.34036849481592024
266,CNN_matrix,6,6,0.8341478544654268,0.7709035082603299,0.06324434620509689,0.07581910792736823
267,CNN_matrix,7,6,0.8981946067930313,0.7992903460771368,0.09890426071589453,0.11011451189740307
268,CNN_matrix,8,6,0.8856985455448739,0.6248522801181147,0.26084626542675926,0.2945090818301942
269,CNN_matrix,9,6,0.9104079880662418,0.6567196326942455,0.2536883553719963,0.2786534814032605
270,CNN_matrix,0,7,0.8576398148999682,0.6859285392248559,0.17171127567511235,0.2002137408874145
271,CNN_matrix,1,7,0.9297919277031657,0.6566375319357781,0.27315439576738754,0.29378013255304536
272,CNN_matrix,2,7,0.9334934339295659,0.5972651221408612,0.3362283117887046,0.3601828353235892
273,CNN_matrix,3,7,0.9068090311919276,0.5704111158038445,0.33639791538808306,0.3709688631419066
274,CNN_matrix,4,7,0.9517978935427076,0.5774077933182984,0.3743901002244092,0.39335041899586864
275,CNN_matrix,5,7,0.9180652860056294,0.5553574978259267,0.36270778817970273,0.39507842602108656
276,CNN_matrix,6,7,0.8379033748746215,0.7561288108798995,0.08177456399472205,0.0975942649794892
277,CNN_matrix,7,7,0.8807579625273744,0.7639206104981713,0.11683735202920309,0.13265545927502387
278,CNN_matrix,8,7,0.8861524973087488,0.5804956090883078,0.305656888220441,0.3449258329110656
279,CNN_matrix,9,7,0.9111973573960924,0.6346083015367441,0.27658905585934834,0.3035446202892318
280,CNN_matrix,0,8,0.8761323015998911,0.6471216117949398,0.22901068980495132,0.2613882508232588
281,CNN_matrix,1,8,0.9206163518955172,0.5754440929616491,0.34517225893386805,0.3749360504222745
282,CNN_matrix,2,8,0.9376939542567692,0.5135282147293672,0.424165739527402,0.4523498713006019
283,CNN_matrix,3,8,0.8797808198086816,0.4791044577355172,0.4006763620731644,0.45542748040392156
284,CNN_matrix,4,8,0.9702892004080332,0.5334427963064956,0.43684640410153763,0.45022288604040084
285,CNN_matrix,5,8,0.9226595093829704,0.5024363714212499,0.4202231379617205,0.4554476854010264
286,CNN_matrix,6,8,0.834518283398615,0.7151184940891754,0.11939978930943962,0.1430763012443279
287,CNN_matrix,7,8,0.8828667473374752,0.7346337048249723,0.1482330425125029,0.16789967790670557
288,CNN_matrix,8,8,0.9068334810678724,0.5586905311745848,0.34814294989328765,0.38391056038570626
289,CNN_matrix,9,8,0.916594218056433,0.6027174085103637,0.31387680954606934,0.3424381295047014
290,CNN_matrix,0,9,0.8702399778618723,0.5921626797288485,0.27807729813302384,0.31954093722083776
291,CNN_matrix,1,9,0.8990796371443699,0.5254498017954831,0.37362983534888683,0.41556923315002314
292,CNN_matrix,2,9,0.950379432020364,0.4435061389701096,0.5068732930502544,0.5333378185307713
293,CNN_matrix,3,9,0.836888618406374,0.41285762356354905,0.4240309948428249,0.5066755426191316
294,CNN_matrix,4,9,0.9718364473474091,0.4328859913297212,0.5389504560176879,0.5545690918350848
295,CNN_matrix,5,9,0.9424991118578384,0.5583627604342137,0.3841363514236247,0.4075721097141636
296,CNN_matrix,6,9,0.7796194392740726,0.6470294498354197,0.13258998943865297,0.1700701428919109
297,CNN_matrix,7,9,0.8466111953661899,0.6638208088982437,0.1827903864679462,0.21590830297121544
298,CNN_matrix,8,9,0.8828090279570057,0.4737310666332229,0.40907796132378277,0.46338216802162746
299,CNN_matrix,9,9,0.9240139112745722,0.5720794908891742,0.351934420385398,0.3808756730728702
300,CNN_matrix_pretrained,0,0,0.9780282399727293,0.9780282374090884,2.5636408551577006e-09,2.621234007627038e-09
301,CNN_matrix_pretrained,1,0,0.9727216004615741,0.9727215997519948,7.095792842193305e-10,7.29478255578897e-10
302,CNN_matrix_pretrained,2,0,0.9678971605037576,0.9678971605037576,0.0,0.0
303,CNN_matrix_pretrained,3,0,0.9392857605611884,0.9392857605611884,0.0,0.0
304,CNN_matrix_pretrained,4,0,0.9556655181210212,0.9556655181210212,0.0,0.0
305,CNN_matrix_pretrained,5,0,0.9437635987794594,0.9437635987794594,0.0,0.0
306,CNN_matrix_pretrained,6,0,0.9369621796293124,0.9369621789884024,6.409099917448202e-10,6.840297217536317e-10
307,CNN_matrix_pretrained,7,0,0.9687955529816384,0.9687955519266888,1.0549496831657734e-09,1.088929169057451e-09
308,CNN_matrix_pretrained,8,0,0.9597390770084328,0.9597390776105,-6.020672849160746e-10,-6.273239705478773e-10
309,CNN_matrix_pretrained,9,0,0.9620057468747965,0.9620057468747965,0.0,0.0
310,CNN_matrix_pretrained,0,1,0.975667157542548,0.940669211102683,0.03499794643986498,0.03587078459012161
311,CNN_matrix_pretrained,1,1,0.9702725812733648,0.9202801486122466,0.04999243266111819,0.05152411149814129
312,CNN_matrix_pretrained,2,1,0.9654184038963874,0.9243340549421392,0.041084348954248284,0.04255600347831945
313,CNN_matrix_pretrained,3,1,0.9355278476721338,0.8706650214442034,0.06486282622793038,0.06933286527956173
314,CNN_matrix_pretrained,4,1,0.9506046216694658,0.8745250113460348,0.07607961032343102,0.08003286391540876
315,CNN_matrix_pretrained,5,1,0.9430288635403512,0.8958680651704038,0.047160798369947354,0.050009920367542815
316,CNN_matrix_pretrained,6,1,0.9333434494178888,0.8630373962909504,0.07030605312693838,0.07532709761962453
317,CNN_matrix_pretrained,7,1,0.9695582512645244,0.903945893644847,0.06561235761967743,0.06767242456459321
318,CNN_matrix_pretrained,8,1,0.9540022261077004,0.8628221706129761,0.0911800554947243,0.09557635506442796
319,CNN_matrix_pretrained,9,1,0.9581098496214574,0.9066076453771372,0.05150220424432017,0.05375396596190751
320,CNN_matrix_pretrained,0,2,0.972351706209242,0.8015057777960894,0.1708459284131526,0.17570383979599657
321,CNN_matrix_pretrained,1,2,0.9666733738714977,0.7990115865551319,0.16766178731636572,0.1734420248329437
322,CNN_matrix_pretrained,2,2,0.9647438933238924,0.7829223192319749,0.18182157409191757,0.18846615702896685
323,CNN_matrix_pretrained,3,2,0.9324416394133952,0.6893323933118921,0.24310924610150308,0.2607232837161204
324,CNN_matrix_pretrained,4,2,0.9486881927859552,0.7067446918756014,0.24194350091035377,0.2550295268246703
325,CNN_matrix_pretrained,5,2,0.9417541511086882,0.7446946075343042,0.19705954357438404,0.20924733205836576
326,CNN_matrix_pretrained,6,2,0.9260836920717658,0.7285484767051608,0.197535215366605,0.21330168866778543
327,CNN_matrix_pretrained,7,2,0.9704442352671891,0.756958162011771,0.21348607325541813,0.21998798642627804
328,CNN_matrix_pretrained,8,2,0.9520475012021332,0.6909882769402529,0.26105922426188033,0.2742081922721771
329,CNN_matrix_pretrained,9,2,0.9500349582723794,0.7837462053074084,0.16628875296497103,0.17503435164887404
330,CNN_matrix_pretrained,0,3,0.9703126359157318,0.5797986583750478,0.39051397754068395,0.4024620138767302
331,CNN_matrix_pretrained,1,3,0.9629676652855303,0.6117427221119748,0.35122494317355557,0.36473181378256725
332,CNN_matrix_pretrained,2,3,0.9584366093426944,0.5432429917387974,0.41519361760389695,0.4331988297991256
333,CNN_matrix_pretrained,3,3,0.9280681284868882,0.4391584760824184,0.4889096524044698,0.52680362292107
334,CNN_matrix_pretrained,4,3,0.9432258852724132,0.4793856039715891,0.46384028130082416,0.4917594910649238
335,CNN_matrix_pretrained,5,3,0.9370855558953799,0.5162298923658639,0.420855663529516,0.44911124804115754
336,CNN_matrix_pretrained,6,3,0.9278304557264264,0.5465039867705809,0.38132646895584554,0.41098723005087556
337,CNN_matrix_pretrained,7,3,0.9640259701747634,0.5551683886094805,0.40885758156528296,0.42411469629927423
338,CNN_matrix_pretrained,8,3,0.9488944070432525,0.4685240174593523,0.48037038958390016,0.5062421972543083
339,CNN_matrix_pretrained,9,3,0.9452726886538532,0.5922146945989326,0.35305799405492055,0.37349856638480106
340,CNN_matrix_pretrained,0,4,0.9710993340343572,0.3765372854348774,0.5945620485994798,0.6122566742265363
341,CNN_matrix_pretrained,1,4,0.9585556714889036,0.43076422404522174,0.5277914474436819,0.5506111571212916
342,CNN_matrix_pretrained,2,4,0.9562535313105442,0.3471186743263682,0.609134856984176,0.6370014196437607
343,CNN_matrix_pretrained,3,4,0.9265043729002332,0.2642742292037276,0.6622301436965057,0.7147620271057427
344,CNN_matrix_pretrained,4,4,0.9472662988214348,0.27974881353837544,0.6675174852830593,0.7046777512443629
345,CNN_matrix_pretrained,5,4,0.9450432810007974,0.31594751208123784,0.6290957689195595,0.6656793202670563
346,CNN_matrix_pretrained,6,4,0.9214174275583292,0.375976965276886,0.5454404622814433,0.591958048510988
347,CNN_matrix_pretrained,7,4,0.962857193342066,0.3701793693593359,0.5926778239827302,0.6155407344733568
348,CNN_matrix_pretrained,8,4,0.9447851704965744,0.3093245987151591,0.6354605717814152,0.6725979530853774
349,CNN_matrix_pretrained,9,4,0.9480231128490596,0.4118823888128702,0.5361407240361894,0.5655354988392056
350,CNN_matrix_pretrained,0,5,0.9663134270003142,0.2709545931964356,0.6953588338038785,0.7195996809880325
351,CNN_matrix_pretrained,1,5,0.959025314822793,0.3148360793456072,0.6441892354771858,0.6717124412885993
352,CNN_matrix_pretrained,2,5,0.9727056049786154,0.25203923190254784,0.7206663730760675,0.7408884758013821
353,CNN_matrix_pretrained,3,5,0.9395888965697614,0.14300216102451396,0.7965867355452474,0.8478034792167252
354,CNN_matrix_pretrained,4,5,0.9581656056920104,0.15490737616166692,0.8032582295303434,0.8383292248840543
355,CNN_matrix_pretrained,5,5,0.9537093309050098,0.2089826826689144,0.7447266482360954,0.7808738198350192
356,CNN_matrix_pretrained,6,5,0.9645205448370382,0.2773703933010873,0.6871501515359508,0.7124266613232684
357,CNN_matrix_pretrained,7,5,0.9745832168503232,0.2587420196891793,0.7158411971611439,0.734510080601032
358,CNN_matrix_pretrained,8,5,0.9636426776012889,0.2276380830208116,0.7360045945804773,0.7637733484496027
359,CNN_matrix_pretrained,9,5,0.980218107278444,0.30124131164925605,0.678976795629188,0.6926793032974605
360,CNN_matrix_pretrained,0,6,0.9805800444995746,0.211736048422714,0.7688439960768606,0.7840706124804216
361,CNN_matrix_pretrained,1,6,0.9598875834147306,0.23427662406622785,0.7256109593485027,0.7559332695680825
362,CNN_matrix_pretrained,2,6,0.9763428607110278,0.18069648367809094,0.795646377032937,0.8149251754178879
363,CNN_matrix_pretrained,3,6,0.945545231314169,0.08739257049012103,0.858152660824048,0.9075744156959491
364,CNN_matrix_pretrained,4,6,0.9792998764297772,0.13790966393853912,0.8413902124912381,0.8591752462572395
365,CNN_matrix_pretrained,5,6,0.9581171918692656,0.16114863596657025,0.7969685559026953,0.8318069675253683
366,CNN_matrix_pretrained,6,6,0.963022104181446,0.2242356525383309,0.7387864516431151,0.7671541997170171
367,CNN_matrix_pretrained,7,6,0.9755942495350252,0.18809604252280115,0.7874982070122241,0.8071984919832718
368,CNN_matrix_pretrained,8,6,0.958820114834234,0.17382409617110775,0.7849960186631263,0.8187104197316935
369,CNN_matrix_pretrained,9,6,0.9884292280798156,0.2461964009756533,0.7422328271041623,0.7509215693126257
370,CNN_matrix_pretrained,0,7,0.9773732516169548,0.17223807797478954,0.8051351736421652,0.8237745122553324
371,CNN_matrix_pretrained,1,7,0.9812340940999728,0.21483543671952984,0.7663986573804429,0.7810558784990186
372,CNN_matrix_pretrained,2,7,0.9730861037870248,0.15247423564870324,0.8206118681383215,0.8433085879499163
373,CNN_matrix_pretrained,3,7,0.9510984112907732,0.09376907139035956,0.8573293399004136,0.9014097066326692
374,CNN_matrix_pretrained,4,7,0.9688686609410104,0.1029549629692476,0.8659136979717629,0.8937369252203359
375,CNN_matrix_pretrained,5,7,0.9732314117160158,0.13244079250983656,0.8407906192061793,0.863916442774576
376,CNN_matrix_pretrained,6,7,0.9676292424104108,0.18707105628856507,0.7805581861218458,0.8066707287363886
377,CNN_matrix_pretrained,7,7,0.9808522482713063,0.1660483637844057,0.8148038844869007,0.8307101155377316
378,CNN_matrix_pretrained,8,7,0.972082854171886,0.14985907876603854,0.8222237754058475,0.8458371340232074
379,CNN_matrix_pretrained,9,7,0.9897750602641576,0.2133996894814844,0.7763753707826733,0.7843957702626585
380,CNN_matrix_pretrained,0,8,0.9856645144356622,0.1711435711366573,0.8145209432990048,0.8263673200869519
381,CNN_matrix_pretrained,1,8,0.9770278925145114,0.18141351320504867,0.7956143793094628,0.8143210499977059
382,CNN_matrix_pretrained,2,8,0.9812825382997592,0.11830612839175722,0.862976409908002,0.8794372428182173
383,CNN_matrix_pretrained,3,8,0.9534146808759244,0.07662082424246554,0.8767938566334589,0.9196353635208636
384,CNN_matrix_pretrained,4,8,0.979268651574418,0.09687501559324184,0.8823936359811761,0.9010741174676723
385,CNN_matrix_pretrained,5,8,0.967037584254822,0.11137791362670348,0.8556596706281185,0.8848256619596343
386,CNN_matrix_pretrained,6,8,0.9759277677525664,0.15402733414294845,0.821900433609618,0.8421734279600905
387,CNN_matrix_pretrained,7,8,0.9815178146836352,0.15348931770112734,0.8280284969825078,0.8436204464097268
388,CNN_matrix_pretrained,8,8,0.9804066309678382,0.1314518846689548,0.8489547462988833,0.8659210571238303
389,CNN_matrix_pretrained,9,8,0.9908997131214624,0.17737272644518415,0.8135269866762782,0.8209983067949055
390,CNN_matrix_pretrained,0,9,0.985148800173025,0.12292138949229285,0.8622274106807322,0.8752255603714852
391,CNN_matrix_pretrained,1,9,0.9816710465229476,0.14142431004169898,0.8402467364812486,0.8559351316893575
392,CNN_matrix_pretrained,2,9,0.9798123686034004,0.08574556869190232,0.8940667999114981,0.9124877665974743
393,CNN_matrix_pretrained,3,9,0.935326195131832,0.04659918992903032,0.8887270052028017,0.9501786754486629
394,CNN_matrix_pretrained,4,9,0.9821107902970072,0.0795731170508915,0.9025376732461157,0.91897745362636
395,CNN_matrix_pretrained,5,9,0.9735468144218128,0.16199557522598368,0.811551239195829,0.8336026857401896
396,CNN_matrix_pretrained,6,9,0.955951261550188,0.13099675441533326,0.8249545071348547,0.8629671200988777
397,CNN_matrix_pretrained,7,9,0.979192711582238,0.12309498972908565,0.8560977218531524,0.8742893117227339
398,CNN_matrix_pretrained,8,9,0.9806497794058588,0.11252252592304204,0.8681272534828168,0.885257175103618
399,CNN_matrix_pretrained,9,9,0.9925715285936992,0.13128222448332236,0.8612893041103769,0.8677352506077558
400,LSTM_onehot,0,0,0.9242945868241532,0.9242945869843806,-1.602273869139026e-10,-1.7335088919878672e-10
401,LSTM_onehot,1,0,0.8710115196493765,0.8710115203589556,-7.095790621747255e-10,-8.146610053216818e-10
402,LSTM_onehot,2,0,0.8665318090979959,0.8665318079292774,1.1687184553466068e-09,1.3487311267823543e-09
403,LSTM_onehot,3,0,0.8990062590321309,0.8990062590321309,0.0,0.0
404,LSTM_onehot,4,0,0.8900703546452395,0.8900703540111475,6.340920011282947e-10,7.124065781738409e-10
405,LSTM_onehot,5,0,0.8624642868323819,0.8624642877839506,-9.515687127148453e-10,-1.1033136626537043e-09
406,LSTM_onehot,6,0,0.8790331865180163,0.8790331842748308,2.243185526218383e-09,2.551878042211797e-09
407,LSTM_onehot,7,0,0.9521220219610012,0.9521220227522132,-7.912120958408764e-10,-8.309986032628558e-10
408,LSTM_onehot,8,0,0.914720372913048,0.9147203705047794,2.4082685845527863e-09,2.6327920954472006e-09
409,LSTM_onehot,9,0,0.8890679797977614,0.8890679788259466,9.718148508142121e-10,1.0930715221846299e-09
410,LSTM_onehot,0,1,0.9170951612166872,0.9158241269969812,0.0012710342197059799,0.0013859349317901781
411,LSTM_onehot,1,1,0.8557857591464805,0.8555582977354615,0.00022746141101892547,0.0002657924703558523
412,LSTM_onehot,2,1,0.8487406961431154,0.8531144283182335,-0.00437373217511805,-0.005153201908419502
413,LSTM_onehot,3,1,0.8901282404344821,0.8876392779849833,0.0024889624494988105,0.0027961841186882053
414,LSTM_onehot,4,1,0.8782586769062154,0.8795297572336404,-0.001271080327424956,-0.0014472732929922127
415,LSTM_onehot,5,1,0.8575522575367147,0.8465016377487463,0.011050619787968397,0.01288623485140239
416,LSTM_onehot,6,1,0.8573759672110967,0.860544354330972,-0.0031683871198753266,-0.0036954466197385294
417,LSTM_onehot,7,1,0.943649737923722,0.9441071138049648,-0.00045737588124283857,-0.00048468818764169086
418,LSTM_onehot,8,1,0.9008893038500542,0.9002802937360549,0.0006090101139992754,0.0006760099286300392
419,LSTM_onehot,9,1,0.8747094358575692,0.8718000453992991,0.0029093904582701002,0.0033261221829826715
420,LSTM_onehot,0,2,0.9093011182048576,0.909568037348382,-0.00026691914352439117,-0.00029354318187935213
421,LSTM_onehot,1,2,0.845432690067202,0.8375081410411642,0.007924549026037786,0.009373364809690421
422,LSTM_onehot,2,2,0.8335372885215869,0.8376320988280711,-0.004094810306484176,-0.004912570034805608
423,LSTM_onehot,3,2,0.8687291614825704,0.8708375470428719,-0.0021083855603014623,-0.002426976845928852
424,LSTM_onehot,4,2,0.865830631912785,0.8706598663240248,-0.0048292344112398355,-0.005577573988773121
425,LSTM_onehot,5,2,0.8354960740149102,0.8288502710719552,0.006645802942955026,0.007954319774381657
426,LSTM_onehot,6,2,0.8430940700479613,0.8418760024299043,0.0012180676180569838,0.00144475884878148
427,LSTM_onehot,7,2,0.9359093253833178,0.9312190363145156,0.0046902890688022,0.005011478079760767
428,LSTM_onehot,8,2,0.8890675374217369,0.8789961702773592,0.01007136714437773,0.011328011338243571
429,LSTM_onehot,9,2,0.8602415202710224,0.8578309920293564,0.002410528241665988,0.002802152866216656
430,LSTM_onehot,0,3,0.8986457781728687,0.8940933285901944,0.004552449582674312,0.005065899927700568
431,LSTM_onehot,1,3,0.8220757208426995,0.8149091322083459,0.007166588634353599,0.00871767460424111
432,LSTM_onehot,2,3,0.8151562117021531,0.8264946939703077,-0.011338482268154593,-0.013909582121049313
433,LSTM_onehot,3,3,0.8639958739491392,0.8494807304578625,0.014515143491276694,0.016800014825222642
434,LSTM_onehot,4,3,0.8438344843465314,0.8594911945169278,-0.015656710170396382,-0.01855424311382703
435,LSTM_onehot,5,3,0.8144619341763377,0.8111383420056697,0.0033235921706680216,0.004080721309620339
436,LSTM_onehot,6,3,0.8308521817379471,0.8255144364595677,0.00533774527837938,0.006424422292800713
437,LSTM_onehot,7,3,0.9194980777975909,0.9209211708840456,-0.0014230930864547187,-0.001547684677996708
438,LSTM_onehot,8,3,0.8689734533738018,0.8673293054724733,0.0016441479013284965,0.0018920576859340343
439,LSTM_onehot,9,3,0.8397601462260776,0.8405039471376938,-0.0007438009116161881,-0.0008857301873146373
440,LSTM_onehot,0,4,0.8849878215806538,0.8758963254385032,0.009091496142150657,0.010273018363023967
441,LSTM_onehot,1,4,0.8105957627668603,0.8036043601557538,0.006991402611106534,0.008625017465231144
442,LSTM_onehot,2,4,0.796147959836467,0.7978385209203117,-0.0016905610838446883,-0.002123425756428432
443,LSTM_onehot,3,4,0.8487651373857227,0.8392065312861131,0.009558606099609568,0.011261779824099483
444,LSTM_onehot,4,4,0.8332542994663447,0.8418592181513871,-0.008604918685042429,-0.01032688183013697
445,LSTM_onehot,5,4,0.8015366403471368,0.7940689067149328,0.007467733632203988,0.00931677138174214
446,LSTM_onehot,6,4,0.8135669793867427,0.8015711452140729,0.011995834172669806,0.014744740724005445
447,LSTM_onehot,7,4,0.9073354765179904,0.9132877638665596,-0.00595228734856923,-0.006560183639475747
448,LSTM_onehot,8,4,0.854335912207433,0.8441995594164255,0.010136352791007441,0.011864598744090182
449,LSTM_onehot,9,4,0.8316201103190233,0.8149296475670748,0.01669046275194852,0.020069816187520795
450,LSTM_onehot,0,5,0.8624733953676149,0.860282539922888,0.002190855444726969,0.0025402006096584273
451,LSTM_onehot,1,5,0.8033748114277132,0.7946445357852343,0.008730275642478857,0.010867001950140676
452,LSTM_onehot,2,5,0.7906648789658706,0.8036393447291283,-0.012974465763257781,-0.016409563784124837
453,LSTM_onehot,3,5,0.8246020134557445,0.820262059474192,0.0043399539815525134,0.005263089236666518
454,LSTM_onehot,4,5,0.8271340389662952,0.8369001365255784,-0.009766097559283149,-0.011807152286331002
455,LSTM_onehot,5,5,0.7964849555731623,0.7720679101904434,0.024417045382718938,0.030656003245093433
456,LSTM_onehot,6,5,0.8374546310837506,0.8083983740064289,0.029056257077321734,0.03469591784300008
457,LSTM_onehot,7,5,0.8959189639980691,0.9022261043888778,-0.006307140390808708,-0.007039855884580115
458,LSTM_onehot,8,5,0.8592096414597257,0.8374499548710366,0.021759686588689098,0.02532523558711608
459,LSTM_onehot,9,5,0.8468416140024876,0.817865662444346,0.02897595155814159,0.034216494653811935
460,LSTM_onehot,0,6,0.8637970145314168,0.8493450501525742,0.014451964378842552,0.016730741291902107
461,LSTM_onehot,1,6,0.8015552230515266,0.7896046968372581,0.011950526214268509,0.014909173904166906
462,LSTM_onehot,2,6,0.7811590455098444,0.7836491775605453,-0.0024901320507009217,-0.0031877401471753775
463,LSTM_onehot,3,6,0.8291216133948521,0.7975597104667463,0.03156190292810579,0.03806667492224092
464,LSTM_onehot,4,6,0.8264613756384604,0.8347377202481541,-0.00827634460969362,-0.010014194073255878
465,LSTM_onehot,5,6,0.7890456893445029,0.7653047997625424,0.023740889581960523,0.030088105039497992
466,LSTM_onehot,6,6,0.8393096294048952,0.7890711573349691,0.05023847206992604,0.05985689942047634
467,LSTM_onehot,7,6,0.8946191863029411,0.8940253779200609,0.0005938083828802565,0.0006637554749235886
468,LSTM_onehot,8,6,0.8429108039374114,0.811946405259514,0.030964398677897353,0.036735083395842416
469,LSTM_onehot,9,6,0.8454588664948823,0.8162404231168815,0.029218443378000836,0.03455927252751534
470,LSTM_onehot,0,7,0.8423953600591492,0.8181819527951025,0.024213407264046638,0.028743519269083473
471,LSTM_onehot,1,7,0.8135855621943671,0.7932864538048424,0.020299108389524645,0.02495018266397797
472,LSTM_onehot,2,7,0.7714183067257205,0.7675526674613357,0.003865639264384879,0.0050110805391597735
473,LSTM_onehot,3,7,0.8314500525325739,0.7945751095401897,0.03687494299238414,0.0443501601570222
474,LSTM_onehot,4,7,0.7980899333554721,0.7995257216252919,-0.0014357882698198265,-0.0017990306728756789
475,LSTM_onehot,5,7,0.7923220294341503,0.7582016602279885,0.034120369206161794,0.0430637644021199
476,LSTM_onehot,6,7,0.8352795418336975,0.7740354055788364,0.061244136254861026,0.07332172427019001
477,LSTM_onehot,7,7,0.8791842806649705,0.8633106084354222,0.015873672229548275,0.018055000047933367
478,LSTM_onehot,8,7,0.8239135883475754,0.7894661791592964,0.03444740918827904,0.041809492737419296
479,LSTM_onehot,9,7,0.8492402823827724,0.8044942793769061,0.044746003005866286,0.05268944953991028
480,LSTM_onehot,0,8,0.8603020442560039,0.8111431659354948,0.049158878320509025,0.05714141753902491
481,LSTM_onehot,1,8,0.7673128501691476,0.7327909182619166,0.034521931907231074,0.044990686523262324
482,LSTM_onehot,2,8,0.7382162453272404,0.7412627390848521,-0.003046493757611679,-0.004126831097114758
483,LSTM_onehot,3,8,0.7599858007893104,0.7284023026048574,0.03158349818445305,0.04155801088869149
484,LSTM_onehot,4,8,0.7557154083637979,0.7687851453038014,-0.013069736940003462,-0.01729452224389716
485,LSTM_onehot,5,8,0.7835369081915099,0.7351800350975146,0.04835687309399528,0.0617161394548833
486,LSTM_onehot,6,8,0.8118306387187153,0.7276879220339955,0.08414271668471984,0.10364565301146977
487,LSTM_onehot,7,8,0.8786919867957544,0.8515338025529656,0.02715818424278882,0.030907513270747033
488,LSTM_onehot,8,8,0.818123117237912,0.7472516467815022,0.07087147045640974,0.08662690121222938
489,LSTM_onehot,9,8,0.8461088503788535,0.8028954254653333,0.043213424913520204,0.051073127168178134
490,LSTM_onehot,0,9,0.8525251044795431,0.7713054101523441,0.081219694327199,0.09526956320750546
491,LSTM_onehot,1,9,0.7352263080953166,0.6959981833596547,0.03922812473566195,0.05335517010712887
492,LSTM_onehot,2,9,0.7289494737315877,0.6840416660831299,0.04490780764845781,0.061606200795466526
493,LSTM_onehot,3,9,0.6878141951931831,0.6723192839242055,0.015494911268977618,0.022527757317694852
494,LSTM_onehot,4,9,0.7549822016428105,0.7470641810387277,0.007918020604082754,0.010487691745386107
495,LSTM_onehot,5,9,0.7965244657540609,0.7415007476796373,0.05502371807442363,0.06907975892784823
496,LSTM_onehot,6,9,0.7640608508791774,0.6903596504924353,0.0737012003867421,0.0964598569628804
497,LSTM_onehot,7,9,0.8398025487653084,0.8139213887165592,0.025881160048749186,0.03081814896465851
498,LSTM_onehot,8,9,0.7459270426515205,0.6603259162084821,0.08560112644303841,0.11475804140141521
499,LSTM_onehot,9,9,0.7971991506423801,0.7436170486944029,0.05358210194797719,0.06721294409910117
500,LSTM_onehot_pretrained,0,0,0.9313049591997621,0.9313049591997621,0.0,0.0
501,LSTM_onehot_pretrained,1,0,0.9182491289185626,0.9182491289185626,0.0,0.0
502,LSTM_onehot_pretrained,2,0,0.9440400903113186,0.9440400885582408,1.7530777940422126e-09,1.8569951132363371e-09
503,LSTM_onehot_pretrained,3,0,0.8999845342958117,0.8999845342996495,-3.837818951524241e-12,-4.264366637585226e-12
504,LSTM_onehot_pretrained,4,0,0.9562864151406796,0.9562864151406796,0.0,0.0
505,LSTM_onehot_pretrained,5,0,0.916396462884934,0.9163964656384096,-2.7534755586700044e-09,-3.004677173734649e-09
506,LSTM_onehot_pretrained,6,0,0.8971858261533643,0.8971858299988252,-3.8454609496696435e-09,-4.286136556785891e-09
507,LSTM_onehot_pretrained,7,0,0.9315492731345966,0.931549274189546,-1.0549494611211685e-09,-1.132467675191151e-09
508,LSTM_onehot_pretrained,8,0,0.9260724761871376,0.9260724772407553,-1.0536176375808282e-09,-1.1377270237034054e-09
509,LSTM_onehot_pretrained,9,0,0.8612354899437575,0.8612354925352639,-2.5915063428527674e-09,-3.0090565594775853e-09
510,LSTM_onehot_pretrained,0,1,0.9307465795828128,0.9183425910974516,0.012403988485361173,0.013326923522964718
511,LSTM_onehot_pretrained,1,1,0.907702028999726,0.8911526700940042,0.016549358905721734,0.018232149292382704
512,LSTM_onehot_pretrained,2,1,0.9312490561916158,0.914352460355297,0.01689659583631875,0.0181440139176281
513,LSTM_onehot_pretrained,3,1,0.8916000742675617,0.8813197979910621,0.010280276276499634,0.011530142911825969
514,LSTM_onehot_pretrained,4,1,0.950386659090295,0.936787716521888,0.013598942568406991,0.01430885254789227
515,LSTM_onehot_pretrained,5,1,0.9093844293760124,0.8906105281803689,0.018773901195643483,0.020644625737132438
516,LSTM_onehot_pretrained,6,1,0.8815490528053227,0.8764546373803963,0.005094415424926391,0.005778935850154432
517,LSTM_onehot_pretrained,7,1,0.9161235737732466,0.9066496393404307,0.009473934432815856,0.0103413280741107
518,LSTM_onehot_pretrained,8,1,0.9174661931102024,0.9078675744017141,0.009598618708488327,0.010462095258190529
519,LSTM_onehot_pretrained,9,1,0.8569803278606128,0.8531921159192754,0.0037882119413374937,0.004420418786968527
520,LSTM_onehot_pretrained,0,2,0.9262068620819504,0.9027897292797328,0.023417132802217577,0.025282832335726813
521,LSTM_onehot_pretrained,1,2,0.8979318602675838,0.8524468137517697,0.04548504651581409,0.050655343159624056
522,LSTM_onehot_pretrained,2,2,0.9226498646795556,0.8746637609668587,0.04798610371269685,0.05200900747908621
523,LSTM_onehot_pretrained,3,2,0.8818068599693746,0.8569159819210778,0.024890878048296816,0.02822713133481547
524,LSTM_onehot_pretrained,4,2,0.9434779229874438,0.909817211779746,0.03366071120769787,0.03567726428734452
525,LSTM_onehot_pretrained,5,2,0.891220307105096,0.8652369743490599,0.025983332756036148,0.02915478086494283
526,LSTM_onehot_pretrained,6,2,0.869378389183453,0.8362633644275544,0.03311502475589856,0.03809046229801183
527,LSTM_onehot_pretrained,7,2,0.9084161956962143,0.870453622138298,0.037962573557916324,0.04178984669997177
528,LSTM_onehot_pretrained,8,2,0.9112753742522643,0.8781371809753648,0.0331381932768996,0.03636463160665426
529,LSTM_onehot_pretrained,9,2,0.8573711633928388,0.8404084490316597,0.016962714361179132,0.019784563658583165
530,LSTM_onehot_pretrained,0,3,0.9160289288127282,0.8714033697860019,0.04462555902672638,0.0487163206565604
531,LSTM_onehot_pretrained,1,3,0.8778080137794366,0.8084843982398897,0.06932361553954691,0.0789735505387692
532,LSTM_onehot_pretrained,2,3,0.9117369431940218,0.8426721403831616,0.06906480281086014,0.07575079997187617
533,LSTM_onehot_pretrained,3,3,0.8745310656900761,0.8223488026180028,0.0521822630720733,0.059668850106425086
534,LSTM_onehot_pretrained,4,3,0.9263347496690002,0.8938130512063022,0.032521698462698034,0.035107933146542036
535,LSTM_onehot_pretrained,5,3,0.8785591275637157,0.8371588633551452,0.04140026420857046,0.04712291171952798
536,LSTM_onehot_pretrained,6,3,0.8573624262394408,0.7926314234699328,0.06473100276950805,0.07550016281146221
537,LSTM_onehot_pretrained,7,3,0.8873415783443283,0.8258210298750869,0.061520548469241376,0.06933130371737029
538,LSTM_onehot_pretrained,8,3,0.9031035843092058,0.8504817926727262,0.05262179163647962,0.05826772537585556
539,LSTM_onehot_pretrained,9,3,0.8423895514240007,0.7995087893123539,0.04288076211164682,0.05090372030275048
540,LSTM_onehot_pretrained,0,4,0.9103960393722194,0.8393596361886556,0.07103640318356375,0.07802802309261825
541,LSTM_onehot_pretrained,1,4,0.8662773764050794,0.7530228011494542,0.11325457525562521,0.13073708068611312
542,LSTM_onehot_pretrained,2,4,0.8951756569660372,0.7825817367412211,0.11259392022481607,0.1257785769179912
543,LSTM_onehot_pretrained,3,4,0.8601801027608352,0.7920742380125965,0.06810586474823876,0.07917628474507388
544,LSTM_onehot_pretrained,4,4,0.9179465223547248,0.8501359403350678,0.06781058201965706,0.07387203978474555
545,LSTM_onehot_pretrained,5,4,0.8664327773161549,0.7880737588110831,0.07835901850507176,0.09043865901264159
546,LSTM_onehot_pretrained,6,4,0.8392572127882156,0.7447232606332403,0.09453395215497529,0.11264002348089519
547,LSTM_onehot_pretrained,7,4,0.8776927900391521,0.7879572586568251,0.08973553138232704,0.10224025125958269
548,LSTM_onehot_pretrained,8,4,0.892685393976336,0.8150454129382059,0.07763998103813008,0.08697350887785249
549,LSTM_onehot_pretrained,9,4,0.8387850783290828,0.772943733517399,0.0658413448116838,0.0784960850076688
550,LSTM_onehot_pretrained,0,5,0.897262547574786,0.7844505023387284,0.11281204523605759,0.125729136406036
551,LSTM_onehot_pretrained,1,5,0.8595995268273372,0.708519138074487,0.15108038875285024,0.1757567146534701
552,LSTM_onehot_pretrained,2,5,0.8955212644526509,0.7655386374803003,0.12998262697235063,0.1451474489015031
553,LSTM_onehot_pretrained,3,5,0.8501356997306813,0.7370436922877109,0.11309200744297032,0.13302818300513353
554,LSTM_onehot_pretrained,4,5,0.9226227901141872,0.8167812579432582,0.10584153217092906,0.1147180985609837
555,LSTM_onehot_pretrained,5,5,0.8683697314548743,0.7471859156500006,0.1211838158048737,0.13955324721169315
556,LSTM_onehot_pretrained,6,5,0.8676779864455407,0.7106404254363095,0.15703756100923127,0.18098599187993536
557,LSTM_onehot_pretrained,7,5,0.8766407735648815,0.7390514617674294,0.13758931179745204,0.15695061871003524
558,LSTM_onehot_pretrained,8,5,0.9114249526305314,0.8005373522947977,0.11088760033573364,0.12166399440315157
559,LSTM_onehot_pretrained,9,5,0.8782016711216625,0.7707029686034504,0.10749870251821203,0.1224077635617703
560,LSTM_onehot_pretrained,0,6,0.9028524678216404,0.7460628902863982,0.15678957753524225,0.17366024142741365
561,LSTM_onehot_pretrained,1,6,0.8613311081907826,0.6524227016801988,0.20890840651058384,0.24254134620702816
562,LSTM_onehot_pretrained,2,6,0.88828849005756,0.7061622661030273,0.1821262239545327,0.20503048952343306
563,LSTM_onehot_pretrained,3,6,0.8437070359292043,0.7005104949393085,0.14319654098989576,0.16972306131379877
564,LSTM_onehot_pretrained,4,6,0.9173531440679684,0.7915853191507702,0.12576782491719818,0.13709859254363643
565,LSTM_onehot_pretrained,5,6,0.8677437060963554,0.7047548547214721,0.16298885137488328,0.18783063504788444
566,LSTM_onehot_pretrained,6,6,0.8611381441764852,0.650060051835609,0.21107809234087616,0.24511525098302578
567,LSTM_onehot_pretrained,7,6,0.8752473398115028,0.681099193214445,0.1941481465970578,0.22182089309619657
568,LSTM_onehot_pretrained,8,6,0.8961151089927201,0.7313137550885013,0.1648013539042188,0.18390645604610334
569,LSTM_onehot_pretrained,9,6,0.8828947738523958,0.7601146027241601,0.1227801711282357,0.13906546370469552
570,LSTM_onehot_pretrained,0,7,0.8956541567180483,0.6930962787268938,0.20255787799115443,0.2261563534002775
571,LSTM_onehot_pretrained,1,7,0.8703665798777834,0.6272621386337217,0.24310444124406172,0.279312702100991
572,LSTM_onehot_pretrained,2,7,0.885339946138776,0.6588361060723934,0.22650384006638258,0.25583826986936653
573,LSTM_onehot_pretrained,3,7,0.85339464194158,0.6722468441161217,0.1811477978254583,0.21226732501310808
574,LSTM_onehot_pretrained,4,7,0.901758421946184,0.6858939355195884,0.21586448642659561,0.2393817248312633
575,LSTM_onehot_pretrained,5,7,0.8720979875291001,0.6740209918402028,0.19807699568889725,0.22712699549978932
576,LSTM_onehot_pretrained,6,7,0.853086032862072,0.598361159279215,0.254724873582857,0.29859224482701296
577,LSTM_onehot_pretrained,7,7,0.8822580387202712,0.6444553166696277,0.23780272205064346,0.26953874219789475
578,LSTM_onehot_pretrained,8,7,0.8881597599624108,0.6990552953838153,0.18910446457859553,0.21291717222878792
579,LSTM_onehot_pretrained,9,7,0.8861876296798354,0.7067303099626698,0.1794573197171656,0.2025048801256688
580,LSTM_onehot_pretrained,0,8,0.9217683953108888,0.6742813890115401,0.24748700629934872,0.2684915294973611
581,LSTM_onehot_pretrained,1,8,0.8533475390987264,0.5832714522211501,0.27007608687757634,0.3164901455775223
582,LSTM_onehot_pretrained,2,8,0.8902979545342998,0.5962933834757993,0.29400457105850053,0.3302316595934329
583,LSTM_onehot_pretrained,3,8,0.7998591212014654,0.5839721629252194,0.21588695827624604,0.2699062279266917
584,LSTM_onehot_pretrained,4,8,0.8991359739385096,0.6129804724915241,0.28615550144698554,0.3182560922276648
585,LSTM_onehot_pretrained,5,8,0.8785772486387515,0.6449479061866299,0.23362934245212164,0.2659178152110151
586,LSTM_onehot_pretrained,6,8,0.8532893794749373,0.575270446943087,0.2780189325318503,0.3258202190479932
587,LSTM_onehot_pretrained,7,8,0.8991467166343453,0.6226844833933167,0.2764622332410286,0.3074717708761395
588,LSTM_onehot_pretrained,8,8,0.881694727105787,0.6364980258406726,0.2451967012651144,0.2780970484761619
589,LSTM_onehot_pretrained,9,8,0.8973537299022807,0.7223231016166021,0.1750306282856786,0.19505198725227224
590,LSTM_onehot_pretrained,0,9,0.8970270968973637,0.5909516943709312,0.3060754025264325,0.34121087711294984
591,LSTM_onehot_pretrained,1,9,0.8535536279472021,0.4878817491838186,0.36567187876338353,0.42841113527081476
592,LSTM_onehot_pretrained,2,9,0.8934101064631969,0.5394181145334671,0.35399199192972974,0.3962256407990523
593,LSTM_onehot_pretrained,3,9,0.7655446621320288,0.5391491188224143,0.22639554330961442,0.2957313328775707
594,LSTM_onehot_pretrained,4,9,0.8804063400155522,0.6016523192092608,0.2787540208062914,0.3166197335668519
595,LSTM_onehot_pretrained,5,9,0.8775301667955016,0.6522991150908294,0.22523105170467217,0.25666473954639524
596,LSTM_onehot_pretrained,6,9,0.8447923152549969,0.5124317358212178,0.33236057943377906,0.39342282526973205
597,LSTM_onehot_pretrained,7,9,0.8778673086353023,0.5679794193508579,0.30988788928444433,0.3530008308045822
598,LSTM_onehot_pretrained,8,9,0.8179482245707833,0.5656107610937056,0.25233746347707775,0.3085005332819095
599,LSTM_onehot_pretrained,9,9,0.8576539634025263,0.6472792006670351,0.21037476273549116,0.24529095848969462
600,ARNold,0,0,0.978494623655914,0.978494623655914,0.0,0.0
601,ARNold,1,0,0.9404761904761905,0.9404761904761905,0.0,0.0
602,ARNold,2,0,0.9411764705882353,0.9411764705882353,0.0,0.0
603,ARNold,3,0,0.9010989010989011,0.9010989010989011,0.0,0.0
604,ARNold,4,0,0.9468085106382979,0.9468085106382979,0.0,0.0
605,ARNold,5,0,0.9347826086956522,0.9347826086956522,0.0,0.0
606,ARNold,6,0,0.9247311827956989,0.9247311827956989,0.0,0.0
607,ARNold,7,0,0.9911504424778761,0.9911504424778761,0.0,0.0
608,ARNold,8,0,0.9393939393939394,0.9393939393939394,0.0,0.0
609,ARNold,9,0,0.9239130434782609,0.9239130434782609,0.0,0.0
610,ARNold,0,1,0.9584229390681004,0.6867383512544802,0.27168458781362015,0.2834704562453254
611,ARNold,1,1,0.9198412698412698,0.6682539682539682,0.2515873015873016,0.27351164797239
612,ARNold,2,1,0.9294117647058824,0.6725490196078432,0.2568627450980392,0.2763713080168776
613,ARNold,3,1,0.9267399267399268,0.6315018315018315,0.2952380952380953,0.3185770750988143
614,ARNold,4,1,0.9382978723404255,0.6943262411347517,0.24397163120567378,0.2600151171579743
615,ARNold,5,1,0.936231884057971,0.6615942028985508,0.2746376811594202,0.29334365325077394
616,ARNold,6,1,0.9132616487455197,0.6387096774193548,0.27455197132616493,0.30062794348508637
617,ARNold,7,1,0.9610619469026549,0.6737463126843658,0.2873156342182891,0.29895641497851444
618,ARNold,8,1,0.936026936026936,0.6289562289562289,0.30707070707070705,0.32805755395683456
619,ARNold,9,1,0.9152173913043479,0.6550724637681159,0.260144927536232,0.2842438638163105
620,ARNold,0,2,0.9333333333333333,0.374910394265233,0.5584229390681004,0.5983102918586789
621,ARNold,1,2,0.915079365079365,0.36587301587301585,0.5492063492063493,0.6001734605377277
622,ARNold,2,2,0.9091503267973856,0.3686274509803922,0.5405228758169934,0.5945363048166786
623,ARNold,3,2,0.9032967032967033,0.3391941391941392,0.5641025641025641,0.624493106244931
624,ARNold,4,2,0.9297872340425531,0.39148936170212767,0.5382978723404255,0.5789473684210527
625,ARNold,5,2,0.9282608695652174,0.3652173913043478,0.5630434782608695,0.6065573770491803
626,ARNold,6,2,0.8917562724014337,0.3426523297491039,0.5491039426523299,0.6157556270096464
627,ARNold,7,2,0.9463126843657818,0.3805309734513274,0.5657817109144543,0.5978802992518704
628,ARNold,8,2,0.9030303030303031,0.32996632996632996,0.573063973063973,0.6346010439970171
629,ARNold,9,2,0.8905797101449275,0.37318840579710144,0.5173913043478261,0.5809601301871441
630,ARNold,0,3,0.9217391304347826,0.19710144927536233,0.7246376811594203,0.7861635220125787
631,ARNold,1,3,0.8738955823293173,0.1855421686746988,0.6883534136546186,0.7876838235294118
632,ARNold,2,3,0.8953333333333333,0.172,0.7233333333333334,0.8078927773641102
633,ARNold,3,3,0.8962962962962963,0.17629629629629628,0.72,0.8033057851239669
634,ARNold,4,3,0.9139784946236559,0.20931899641577062,0.7046594982078853,0.7709803921568628
635,ARNold,5,3,0.8905797101449275,0.18188405797101448,0.7086956521739131,0.7957689178193653
636,ARNold,6,3,0.8666666666666667,0.17562724014336917,0.6910394265232975,0.7973531844499586
637,ARNold,7,3,0.9132743362831859,0.1976401179941003,0.7156342182890856,0.7835917312661499
638,ARNold,8,3,0.8888888888888888,0.17845117845117844,0.7104377104377104,0.7992424242424242
639,ARNold,9,3,0.8557971014492753,0.18333333333333332,0.672463768115942,0.7857747671464861
640,ARNold,0,4,0.9056179775280899,0.10411985018726591,0.801498127340824,0.8850289495450786
641,ARNold,1,4,0.8473895582329317,0.09317269076305221,0.7542168674698795,0.8900473933649289
642,ARNold,2,4,0.868013468013468,0.08080808080808081,0.7872053872053872,0.9069045771916214
643,ARNold,3,4,0.8734082397003745,0.08913857677902622,0.7842696629213483,0.8979416809605489
644,ARNold,4,4,0.8974358974358975,0.11941391941391942,0.778021978021978,0.866938775510204
645,ARNold,5,4,0.8814814814814815,0.10740740740740741,0.7740740740740741,0.8781512605042017
646,ARNold,6,4,0.8476190476190476,0.09010989010989011,0.7575091575091575,0.8936905790838375
647,ARNold,7,4,0.8894894894894895,0.08768768768768768,0.8018018018018018,0.9014179608372721
648,ARNold,8,4,0.8448979591836735,0.1,0.7448979591836735,0.8816425120772947
649,ARNold,9,4,0.8402930402930403,0.11868131868131868,0.7216117216117216,0.8587619877942458
650,ARNold,0,5,0.883739837398374,0.06585365853658537,0.8178861788617886,0.9254829806807727
651,ARNold,1,5,0.8252032520325203,0.05853658536585366,0.7666666666666666,0.929064039408867
652,ARNold,2,5,0.8857142857142857,0.060805860805860805,0.8249084249084249,0.9313482216708023
653,ARNold,3,5,0.8683127572016461,0.044444444444444446,0.8238683127572017,0.9488151658767773
654,ARNold,4,5,0.8792156862745099,0.06274509803921569,0.8164705882352942,0.928635147190009
655,ARNold,5,5,0.8752941176470588,0.0603921568627451,0.8149019607843137,0.9310035842293907
656,ARNold,6,5,0.8811244979919679,0.058634538152610445,0.8224899598393575,0.9334548769371012
657,ARNold,7,5,0.8830065359477124,0.05816993464052288,0.8248366013071895,0.9341228719467062
658,ARNold,8,5,0.8481481481481481,0.06444444444444444,0.7837037037037037,0.9240174672489083
659,ARNold,9,5,0.8753968253968254,0.06190476190476191,0.8134920634920635,0.9292837715321849
660,ARNold,0,6,0.8871794871794871,0.04700854700854701,0.8401709401709401,0.9470134874759152
661,ARNold,1,6,0.8401826484018264,0.039269406392694065,0.8009132420091324,0.9532608695652174
662,ARNold,2,6,0.878714859437751,0.030522088353413655,0.8481927710843373,0.9652650822669104
663,ARNold,3,6,0.8648888888888889,0.03111111111111111,0.8337777777777778,0.9640287769784173
664,ARNold,4,6,0.8871794871794871,0.046153846153846156,0.8410256410256409,0.9479768786127167
665,ARNold,5,6,0.8900432900432901,0.048484848484848485,0.8415584415584416,0.9455252918287937
666,ARNold,6,6,0.8683982683982684,0.03722943722943723,0.8311688311688311,0.9571286141575274
667,ARNold,7,6,0.8870175438596491,0.03298245614035088,0.8540350877192983,0.9628164556962026
668,ARNold,8,6,0.8441666666666666,0.03666666666666667,0.8075,0.9565646594274433
669,ARNold,9,6,0.8625,0.04666666666666667,0.8158333333333334,0.9458937198067633
670,ARNold,0,7,0.8771428571428571,0.045714285714285714,0.8314285714285714,0.9478827361563518
671,ARNold,1,7,0.8591397849462366,0.026881720430107527,0.832258064516129,0.9687108886107635
672,ARNold,2,7,0.8746666666666667,0.030222222222222223,0.8444444444444444,0.9654471544715447
673,ARNold,3,7,0.8888888888888888,0.03597883597883598,0.8529100529100528,0.9595238095238096
674,ARNold,4,7,0.8580952380952381,0.04285714285714286,0.8152380952380953,0.9500554938956715
675,ARNold,5,7,0.8805970149253731,0.03582089552238806,0.844776119402985,0.9593220338983051
676,ARNold,6,7,0.8606965174129353,0.03582089552238806,0.8248756218905472,0.9583815028901734
677,ARNold,7,7,0.87,0.035833333333333335,0.8341666666666666,0.9588122605363985
678,ARNold,8,7,0.8372549019607843,0.04215686274509804,0.7950980392156863,0.949648711943794
679,ARNold,9,7,0.8657276995305164,0.04225352112676056,0.8234741784037558,0.9511930585683297
680,ARNold,0,8,0.9037037037037037,0.035555555555555556,0.8681481481481481,0.9606557377049181
681,ARNold,1,8,0.8429629629629629,0.03111111111111111,0.8118518518518518,0.9630931458699473
682,ARNold,2,8,0.8512820512820513,0.03717948717948718,0.8141025641025641,0.9563253012048193
683,ARNold,3,8,0.8651162790697674,0.018604651162790697,0.8465116279069766,0.978494623655914
684,ARNold,4,8,0.8405797101449275,0.03188405797101449,0.808695652173913,0.9620689655172414
685,ARNold,5,8,0.8638297872340426,0.03971631205673759,0.8241134751773049,0.9540229885057472
686,ARNold,6,8,0.8666666666666667,0.02638888888888889,0.8402777777777778,0.969551282051282
687,ARNold,7,8,0.8596491228070176,0.028070175438596492,0.8315789473684211,0.9673469387755103
688,ARNold,8,8,0.8492753623188406,0.036231884057971016,0.8130434782608695,0.9573378839590444
689,ARNold,9,8,0.8521739130434782,0.01884057971014493,0.8333333333333333,0.9778911564625851
690,ARNold,0,9,0.8827586206896552,0.034482758620689655,0.8482758620689655,0.9609375
691,ARNold,1,9,0.8333333333333334,0.007692307692307693,0.8256410256410257,0.9907692307692307
692,ARNold,2,9,0.8395061728395061,0.0345679012345679,0.8049382716049382,0.9588235294117647
693,ARNold,3,9,0.8722222222222222,0.025,0.8472222222222222,0.9713375796178344
694,ARNold,4,9,0.8282051282051283,0.03333333333333333,0.7948717948717949,0.9597523219814241
695,ARNold,5,9,0.8615384615384616,0.028205128205128206,0.8333333333333334,0.9672619047619048
696,ARNold,6,9,0.856,0.032,0.824,0.9626168224299065
697,ARNold,7,9,0.8606060606060606,0.03636363636363636,0.8242424242424242,0.9577464788732395
698,ARNold,8,9,0.8,0.03611111111111111,0.763888888888889,0.9548611111111112
699,ARNold,9,9,0.8373333333333334,0.021333333333333333,0.8160000000000001,0.9745222929936306
