,model,k,mutations,kept,lost
0,CNN_onehot,0,0,0.9232188952205482,0.9232188952205482
1,CNN_onehot,1,0,0.9294411428633056,0.9294411421537266
2,CNN_onehot,2,0,0.8200925872752479,0.8200925861065295
3,CNN_onehot,3,0,0.8744659130563858,0.8744659130563858
4,CNN_onehot,4,0,0.8333109989365999,0.8333109989365999
5,CNN_onehot,5,0,0.8451315804344156,0.8451315812442614
6,CNN_onehot,6,0,0.8986434917496418,0.8986434917496418
7,CNN_onehot,7,0,0.8885782153007731,0.8885782153007731
8,CNN_onehot,8,0,0.8771218307071713,0.8771218325133727
9,CNN_onehot,9,0,0.8927612797782309,0.8927612804261077
10,CNN_onehot,0,1,0.9078009913311637,0.9100721172093812
11,CNN_onehot,1,1,0.9092429714843756,0.9127089387086768
12,CNN_onehot,2,1,0.8063731981928345,0.8119049195955003
13,CNN_onehot,3,1,0.8546852468663055,0.8568393698511406
14,CNN_onehot,4,1,0.8228272094516784,0.8238448360948064
15,CNN_onehot,5,1,0.8420808682461147,0.8356202896873373
16,CNN_onehot,6,1,0.8707332210868971,0.8769915015780531
17,CNN_onehot,7,1,0.8740398045849044,0.8795407597656887
18,CNN_onehot,8,1,0.8540354355984691,0.8595262744435759
19,CNN_onehot,9,1,0.8782580773184157,0.8779616901300091
20,CNN_onehot,0,2,0.8913070456638905,0.9034363712033918
21,CNN_onehot,1,2,0.8892796490601973,0.8890472602057603
22,CNN_onehot,2,2,0.7961970473937934,0.8022727864557038
23,CNN_onehot,3,2,0.8301498123026716,0.8413282073696482
24,CNN_onehot,4,2,0.8102934563902359,0.8164558828048778
25,CNN_onehot,5,2,0.8260962004125442,0.8295884453138147
26,CNN_onehot,6,2,0.8432485903790187,0.8550528435270205
27,CNN_onehot,7,2,0.8644634558975829,0.8702290339170128
28,CNN_onehot,8,2,0.8403402640976588,0.8409654027518976
29,CNN_onehot,9,2,0.8538989555579948,0.8608692370992883
30,CNN_onehot,0,3,0.8876500621701227,0.8948022234604518
31,CNN_onehot,1,3,0.8711984098615896,0.8688056323757717
32,CNN_onehot,2,3,0.7834951063692571,0.7929075752285619
33,CNN_onehot,3,3,0.8130796517575746,0.8198604698777544
34,CNN_onehot,4,3,0.7898800648622027,0.8072188957056905
35,CNN_onehot,5,3,0.8094587604940423,0.8206738729191863
36,CNN_onehot,6,3,0.8257390453703835,0.8424727210688228
37,CNN_onehot,7,3,0.8391490388419863,0.8586476147812201
38,CNN_onehot,8,3,0.8206954704036291,0.8316017019976344
39,CNN_onehot,9,3,0.8298853585435806,0.8508090137888717
40,CNN_onehot,0,4,0.8656058860499732,0.8712341238761997
41,CNN_onehot,1,4,0.8562723706523143,0.8558742077952909
42,CNN_onehot,2,4,0.7699264902847283,0.7734072993650581
43,CNN_onehot,3,4,0.8075302675343728,0.8166076490345101
44,CNN_onehot,4,4,0.7784541655659348,0.7920370071935348
45,CNN_onehot,5,4,0.8068508398581158,0.8079252335463685
46,CNN_onehot,6,4,0.8111527640004079,0.8237665026984263
47,CNN_onehot,7,4,0.8296518852794403,0.8518402678578779
48,CNN_onehot,8,4,0.8037915367386018,0.8186111413718512
49,CNN_onehot,9,4,0.8086730697993939,0.8238034596905495
50,CNN_onehot,0,5,0.8435829982937624,0.8676283379990184
51,CNN_onehot,1,5,0.8510923235363902,0.8543432733801201
52,CNN_onehot,2,5,0.7644816128734923,0.7772439198234142
53,CNN_onehot,3,5,0.7866587583552432,0.7961145051727224
54,CNN_onehot,4,5,0.7723179813532852,0.7859199213835538
55,CNN_onehot,5,5,0.7958865354597277,0.8005010377140899
56,CNN_onehot,6,5,0.8240575660356736,0.8369502500417719
57,CNN_onehot,7,5,0.8215698034301693,0.8469262788407017
58,CNN_onehot,8,5,0.8164675124110309,0.8242073204392498
59,CNN_onehot,9,5,0.8297873451322731,0.8394608531132459
60,CNN_onehot,0,6,0.8510758425192668,0.8554268518968239
61,CNN_onehot,1,6,0.8396778684811129,0.8545981023358564
62,CNN_onehot,2,6,0.7535334350129806,0.7656343092850174
63,CNN_onehot,3,6,0.7854800008509515,0.7965554567580628
64,CNN_onehot,4,6,0.7719137243910605,0.7870312409475446
65,CNN_onehot,5,6,0.7957680345460515,0.7996058268021002
66,CNN_onehot,6,6,0.8156465177621806,0.8265693153299036
67,CNN_onehot,7,6,0.8345030965656042,0.8472328749972216
68,CNN_onehot,8,6,0.7863648122634428,0.8025405855255667
69,CNN_onehot,9,6,0.8179491019210158,0.8255726427887566
70,CNN_onehot,0,7,0.8341506819520146,0.8492877355621506
71,CNN_onehot,1,7,0.8392937896893391,0.8550673620294659
72,CNN_onehot,2,7,0.74343763478597,0.7450382956233289
73,CNN_onehot,3,7,0.7667461507283545,0.7855101617558233
74,CNN_onehot,4,7,0.7446015257698794,0.7521389721458157
75,CNN_onehot,5,7,0.7921240095030609,0.7978941182786626
76,CNN_onehot,6,7,0.8108926862617261,0.8144542209118308
77,CNN_onehot,7,7,0.8150797343455876,0.8253573008851769
78,CNN_onehot,8,7,0.7710554861039033,0.7720928138530557
79,CNN_onehot,9,7,0.8262803004328774,0.8366042384528009
80,CNN_onehot,0,8,0.8198984571718784,0.8156882576765148
81,CNN_onehot,1,8,0.8061839090211801,0.8059699121828157
82,CNN_onehot,2,8,0.7172143169702627,0.7252539677831991
83,CNN_onehot,3,8,0.6874058924272455,0.6986859652838244
84,CNN_onehot,4,8,0.7057433621876914,0.7226921966555866
85,CNN_onehot,5,8,0.7915379915465699,0.7950848267301389
86,CNN_onehot,6,8,0.7977204718057894,0.78862678648697
87,CNN_onehot,7,8,0.8055071797788318,0.8120192543227683
88,CNN_onehot,8,8,0.7589380773607696,0.7432263105972737
89,CNN_onehot,9,8,0.8120217515364884,0.8323132904286942
90,CNN_onehot,0,9,0.8112666409173659,0.8167342473501232
91,CNN_onehot,1,9,0.7554804783493567,0.7714058923606689
92,CNN_onehot,2,9,0.7045767611973448,0.6796723725987069
93,CNN_onehot,3,9,0.6621101871307473,0.6629924543046702
94,CNN_onehot,4,9,0.7006980613542673,0.7059409855458981
95,CNN_onehot,5,9,0.7969669830579407,0.7876758878573011
96,CNN_onehot,6,9,0.7490809082388877,0.7465558548743526
97,CNN_onehot,7,9,0.7656291903890293,0.7668045167670106
98,CNN_onehot,8,9,0.6890914015122689,0.6687640888331872
99,CNN_onehot,9,9,0.8084055542908609,0.8120464118892948
100,CNN_onehot_pretrained,0,0,0.9557245902476772,0.9557245905681324
101,CNN_onehot_pretrained,1,0,0.9173482480192824,0.9173482473097032
102,CNN_onehot_pretrained,2,0,0.92551091117967,0.925510911910119
103,CNN_onehot_pretrained,3,0,0.8764183375994664,0.8764183375994664
104,CNN_onehot_pretrained,4,0,0.9157754656799296,0.9157754650458376
105,CNN_onehot_pretrained,5,0,0.8617734244477976,0.8617734254196124
106,CNN_onehot_pretrained,6,0,0.9005503132785996,0.9005503119967793
107,CNN_onehot_pretrained,7,0,0.9595878219182512,0.959587820335827
108,CNN_onehot_pretrained,8,0,0.9377291931152212,0.9377291932657379
109,CNN_onehot_pretrained,9,0,0.8754956079571022,0.8754956073092256
110,CNN_onehot_pretrained,0,1,0.9431082184449852,0.9348176729149356
111,CNN_onehot_pretrained,1,1,0.9023867950146456,0.891683427847567
112,CNN_onehot_pretrained,2,1,0.914226069287823,0.9056920551658408
113,CNN_onehot_pretrained,3,1,0.8650816391851589,0.8518522287168004
114,CNN_onehot_pretrained,4,1,0.9040443481758554,0.8935632685661739
115,CNN_onehot_pretrained,5,1,0.8493282149812422,0.835386126953771
116,CNN_onehot_pretrained,6,1,0.8854693399430136,0.8825706196366288
117,CNN_onehot_pretrained,7,1,0.946358009891524,0.9433178408835138
118,CNN_onehot_pretrained,8,1,0.9313025152399708,0.9236048158306412
119,CNN_onehot_pretrained,9,1,0.8627609797194937,0.8470881053067717
120,CNN_onehot_pretrained,0,2,0.9246295891714276,0.9064642038977018
121,CNN_onehot_pretrained,1,2,0.8877728780140243,0.8556986169416516
122,CNN_onehot_pretrained,2,2,0.9011204244920472,0.8759625179802671
123,CNN_onehot_pretrained,3,2,0.8430905641440384,0.8141955508025374
124,CNN_onehot_pretrained,4,2,0.8898219732224202,0.8716590382621116
125,CNN_onehot_pretrained,5,2,0.8255986055922762,0.8023235396964583
126,CNN_onehot_pretrained,6,2,0.8650974450360877,0.8502431946549787
127,CNN_onehot_pretrained,7,2,0.932604215790828,0.9116794035135379
128,CNN_onehot_pretrained,8,2,0.9166726287185084,0.8973994911281057
129,CNN_onehot_pretrained,9,2,0.84854472138568,0.8268666196592571
130,CNN_onehot_pretrained,0,3,0.9187598171677656,0.8847639382502615
131,CNN_onehot_pretrained,1,3,0.8658002121033648,0.8105634308533264
132,CNN_onehot_pretrained,2,3,0.8848774262104804,0.8435149572686059
133,CNN_onehot_pretrained,3,3,0.8316896245164659,0.7775145451697797
134,CNN_onehot_pretrained,4,3,0.8694313741465997,0.8440841088525444
135,CNN_onehot_pretrained,5,3,0.8054572278881729,0.7658809185296338
136,CNN_onehot_pretrained,6,3,0.8552744346015396,0.8256878433136439
137,CNN_onehot_pretrained,7,3,0.9172106035097686,0.8808143843860973
138,CNN_onehot_pretrained,8,3,0.9032749645746321,0.8780648087271684
139,CNN_onehot_pretrained,9,3,0.8332066562461188,0.7883775393082085
140,CNN_onehot_pretrained,0,4,0.8964263114767771,0.8465733305036836
141,CNN_onehot_pretrained,1,4,0.8484844261050097,0.7655828783463455
142,CNN_onehot_pretrained,2,4,0.8602033087587053,0.7900437793154301
143,CNN_onehot_pretrained,3,4,0.8188353805940543,0.7456462245215645
144,CNN_onehot_pretrained,4,4,0.8551613083354883,0.8048474573079947
145,CNN_onehot_pretrained,5,4,0.7993404397189066,0.7270481902734307
146,CNN_onehot_pretrained,6,4,0.8291572120761694,0.7743217401195286
147,CNN_onehot_pretrained,7,4,0.8962590931201572,0.8369483267638116
148,CNN_onehot_pretrained,8,4,0.8885920957017921,0.8397488031564059
149,CNN_onehot_pretrained,9,4,0.8173744570863034,0.7459279592283712
150,CNN_onehot_pretrained,0,5,0.8899455775398424,0.7979233974080042
151,CNN_onehot_pretrained,1,5,0.8385297766701144,0.7151541652459825
152,CNN_onehot_pretrained,2,5,0.8546886717579959,0.7754623170706679
153,CNN_onehot_pretrained,3,5,0.8008077362214537,0.6838077386222692
154,CNN_onehot_pretrained,4,5,0.8494488724532957,0.7661384291857408
155,CNN_onehot_pretrained,5,5,0.7899061710285206,0.6853862979668467
156,CNN_onehot_pretrained,6,5,0.8477613160576616,0.7608501731168762
157,CNN_onehot_pretrained,7,5,0.8848946977571092,0.7987076611595922
158,CNN_onehot_pretrained,8,5,0.8947683007416264,0.8081497085585552
159,CNN_onehot_pretrained,9,5,0.8400768796152931,0.7450599635320176
160,CNN_onehot_pretrained,0,6,0.8811104965234041,0.7674753836786815
161,CNN_onehot_pretrained,1,6,0.8458840759266933,0.6818352090431905
162,CNN_onehot_pretrained,2,6,0.8359750546159664,0.7112217101097353
163,CNN_onehot_pretrained,3,6,0.7954078138884569,0.6409218725744221
164,CNN_onehot_pretrained,4,6,0.8478220567712162,0.7555553208549037
165,CNN_onehot_pretrained,5,6,0.7748829479530873,0.6319441943054462
166,CNN_onehot_pretrained,6,6,0.8485101320791207,0.716532398249356
167,CNN_onehot_pretrained,7,6,0.8851113021442373,0.7540750375343487
168,CNN_onehot_pretrained,8,6,0.8717072369272258,0.7573600113306991
169,CNN_onehot_pretrained,9,6,0.826498032733895,0.7048101350737367
170,CNN_onehot_pretrained,0,7,0.8747794391183803,0.7241073766900393
171,CNN_onehot_pretrained,1,7,0.8346916323347437,0.6324847424789632
172,CNN_onehot_pretrained,2,7,0.8355143034764462,0.6537998379069484
173,CNN_onehot_pretrained,3,7,0.8001357284070254,0.6234144001069821
174,CNN_onehot_pretrained,4,7,0.8240882772695096,0.680372275825856
175,CNN_onehot_pretrained,5,7,0.7734919584502202,0.6111590734424662
176,CNN_onehot_pretrained,6,7,0.8451442294099722,0.6749144168003313
177,CNN_onehot_pretrained,7,7,0.8787091266146551,0.7112055365003956
178,CNN_onehot_pretrained,8,7,0.8554626544205045,0.7070056342645651
179,CNN_onehot_pretrained,9,7,0.8391895559290643,0.6692724130866817
180,CNN_onehot_pretrained,0,8,0.8903473096983335,0.6658468670178102
181,CNN_onehot_pretrained,1,8,0.8089231536840951,0.5547449663203831
182,CNN_onehot_pretrained,2,8,0.8293617000886931,0.6292888440735017
183,CNN_onehot_pretrained,3,8,0.7256759815972096,0.5280338324331173
184,CNN_onehot_pretrained,4,8,0.8016792714632912,0.6340122601776587
185,CNN_onehot_pretrained,5,8,0.7789563707951193,0.5869773478847466
186,CNN_onehot_pretrained,6,8,0.8371789257777942,0.6488252353033204
187,CNN_onehot_pretrained,7,8,0.8742914528656772,0.6724129740629421
188,CNN_onehot_pretrained,8,8,0.8405637488603437,0.6396748411145223
189,CNN_onehot_pretrained,9,8,0.8309827090487343,0.6545711037766128
190,CNN_onehot_pretrained,0,9,0.8669011876789917,0.5767492518948937
191,CNN_onehot_pretrained,1,9,0.7784173386780402,0.4901692085296441
192,CNN_onehot_pretrained,2,9,0.7867093860010766,0.5184305089096147
193,CNN_onehot_pretrained,3,9,0.6924284947340816,0.4956441605723941
194,CNN_onehot_pretrained,4,9,0.8004248201847076,0.6221068026411395
195,CNN_onehot_pretrained,5,9,0.7957824583051917,0.5854739241927372
196,CNN_onehot_pretrained,6,9,0.8027595162080252,0.5550001864262546
197,CNN_onehot_pretrained,7,9,0.8412176119173039,0.6006301449719967
198,CNN_onehot_pretrained,8,9,0.7700177696911851,0.5709509170525254
199,CNN_onehot_pretrained,9,9,0.7987735095807972,0.6128367532876631
200,CNN_matrix,0,0,0.9023279651438676,0.9023279651438676
201,CNN_matrix,1,0,0.9377079920710196,0.937707991893625
202,CNN_matrix,2,0,0.9460167763115582,0.9460167757271992
203,CNN_matrix,3,0,0.9384854837822226,0.9384854837822226
204,CNN_matrix,4,0,0.9494634154871938,0.9494634154871938
205,CNN_matrix,5,0,0.9278940131024802,0.9278940143982332
206,CNN_matrix,6,0,0.8512711341502845,0.8512711306252787
207,CNN_matrix,7,0,0.9257583018161554,0.9257582997062564
208,CNN_matrix,8,0,0.9125056264526916,0.9125056258506246
209,CNN_matrix,9,0,0.9096363536461824,0.9096363536461824
210,CNN_matrix,0,1,0.8898762583118399,0.8779543630151232
211,CNN_matrix,1,1,0.9355707419511404,0.9088604600194634
212,CNN_matrix,2,1,0.9395546783346173,0.916377421056097
213,CNN_matrix,3,1,0.9295837933489296,0.9060123557772406
214,CNN_matrix,4,1,0.9471821731215686,0.9208718747150728
215,CNN_matrix,5,1,0.9171662974944912,0.8762937376462936
216,CNN_matrix,6,1,0.8384054304344253,0.8308375328832629
217,CNN_matrix,7,1,0.9150077310877036,0.9049827258473476
218,CNN_matrix,8,1,0.8974538316100409,0.8514658490763444
219,CNN_matrix,9,1,0.902653535796866,0.8774943230478801
220,CNN_matrix,0,2,0.8844920373792129,0.8422134839612523
221,CNN_matrix,1,2,0.9271799604330832,0.857887989690616
222,CNN_matrix,2,2,0.9339085446064987,0.8680917363017311
223,CNN_matrix,3,2,0.9218503482285001,0.8494778592996606
224,CNN_matrix,4,2,0.9474382647432071,0.8834050152038805
225,CNN_matrix,5,2,0.9050022756196626,0.8171118019437215
226,CNN_matrix,6,2,0.8278517995710655,0.8140650967997248
227,CNN_matrix,7,2,0.9095596788335691,0.882649900786205
228,CNN_matrix,8,2,0.881372152434455,0.7923668492165228
229,CNN_matrix,9,2,0.8927932088592333,0.8306688309879974
230,CNN_matrix,0,3,0.8716355057676202,0.7947725884879575
231,CNN_matrix,1,3,0.9155173050579108,0.7956025372970902
232,CNN_matrix,2,3,0.9251412487355992,0.7917382688267778
233,CNN_matrix,3,3,0.9134227413729834,0.7593732588318246
234,CNN_matrix,4,3,0.9413408829552692,0.8255290524260471
235,CNN_matrix,5,3,0.8826486010854369,0.7523768559861692
236,CNN_matrix,6,3,0.8264602812547838,0.7933134612243449
237,CNN_matrix,7,3,0.894073913248591,0.8549069962318668
238,CNN_matrix,8,3,0.8703858832665641,0.7386269925364453
239,CNN_matrix,9,3,0.8815146486161857,0.7658956138726722
240,CNN_matrix,0,4,0.8667896634121234,0.7647025344893337
241,CNN_matrix,1,4,0.9127415885459668,0.7418762314527942
242,CNN_matrix,2,4,0.916772809027622,0.7224826530358983
243,CNN_matrix,3,4,0.8999067768941141,0.6925207735784003
244,CNN_matrix,4,4,0.9469472434738441,0.7448716692306654
245,CNN_matrix,5,4,0.8837969490764145,0.686617402964858
246,CNN_matrix,6,4,0.8127994043977707,0.7717897751078611
247,CNN_matrix,7,4,0.8886950269430965,0.8301018458844216
248,CNN_matrix,8,4,0.8745271976029843,0.6806736332613051
249,CNN_matrix,9,4,0.8678319411950132,0.7046630322586936
250,CNN_matrix,0,5,0.8559723485071908,0.7251046849513139
251,CNN_matrix,1,5,0.9054075789614202,0.7144071868203421
252,CNN_matrix,2,5,0.9264906867594892,0.6869422863631581
253,CNN_matrix,3,5,0.910761290808101,0.6177816133132711
254,CNN_matrix,4,5,0.9573869827572328,0.6829814993482375
255,CNN_matrix,5,5,0.8958184566505838,0.6317507144171453
256,CNN_matrix,6,5,0.8386254225928621,0.7803049913297097
257,CNN_matrix,7,5,0.8991336714841571,0.8193367869708857
258,CNN_matrix,8,5,0.8942009157109659,0.6592140632212438
259,CNN_matrix,9,5,0.9015262073177532,0.6997107295731512
260,CNN_matrix,0,6,0.8697240084377874,0.7113001554806391
261,CNN_matrix,1,6,0.9159871338392483,0.6779468930958978
262,CNN_matrix,2,6,0.9321859158190288,0.6339316815317395
263,CNN_matrix,3,6,0.9192030872462524,0.591998213512202
264,CNN_matrix,4,6,0.9703982543566416,0.6608146977816851
265,CNN_matrix,5,6,0.9007447222173134,0.5941595969028223
266,CNN_matrix,6,6,0.8341478544654268,0.7709035082603299
267,CNN_matrix,7,6,0.8981946067930313,0.7992903460771368
268,CNN_matrix,8,6,0.8856985455448739,0.6248522801181147
269,CNN_matrix,9,6,0.9104079880662418,0.6567196326942455
270,CNN_matrix,0,7,0.8576398148999682,0.6859285392248559
271,CNN_matrix,1,7,0.9297919277031657,0.6566375319357781
272,CNN_matrix,2,7,0.933493433929566,0.5972651221408612
273,CNN_matrix,3,7,0.9068090311919276,0.5704111158038445
274,CNN_matrix,4,7,0.9517978935427076,0.5774077933182984
275,CNN_matrix,5,7,0.9180652860056294,0.5553574978259267
276,CNN_matrix,6,7,0.8379033748746215,0.7561288108798995
277,CNN_matrix,7,7,0.8807579625273744,0.7639206104981713
278,CNN_matrix,8,7,0.8861524973087488,0.5804956090883078
279,CNN_matrix,9,7,0.9111973573960924,0.6346083015367441
280,CNN_matrix,0,8,0.8761323015998911,0.6471216117949398
281,CNN_matrix,1,8,0.9206163518955172,0.5754440929616491
282,CNN_matrix,2,8,0.9376939542567692,0.5135282147293672
283,CNN_matrix,3,8,0.8797808198086816,0.4791044577355172
284,CNN_matrix,4,8,0.9702892004080332,0.5334427963064956
285,CNN_matrix,5,8,0.9226595093829704,0.5024363714212499
286,CNN_matrix,6,8,0.834518283398615,0.7151184940891754
287,CNN_matrix,7,8,0.8828667473374752,0.7346337048249723
288,CNN_matrix,8,8,0.9068334810678724,0.5586905311745848
289,CNN_matrix,9,8,0.916594218056433,0.6027174085103637
290,CNN_matrix,0,9,0.8702399778618723,0.5921626797288485
291,CNN_matrix,1,9,0.8990796371443699,0.5254498017954831
292,CNN_matrix,2,9,0.9503794320203639,0.4435061389701096
293,CNN_matrix,3,9,0.836888618406374,0.41285762356354905
294,CNN_matrix,4,9,0.9718364473474091,0.4328859913297212
295,CNN_matrix,5,9,0.9424991118578384,0.5583627604342137
296,CNN_matrix,6,9,0.7796194392740726,0.6470294498354197
297,CNN_matrix,7,9,0.8466111953661899,0.6638208088982437
298,CNN_matrix,8,9,0.8828090279570057,0.4737310666332229
299,CNN_matrix,9,9,0.9240139112745722,0.5720794908891742
300,CNN_matrix_pretrained,0,0,0.9780282399727293,0.9780282374090884
301,CNN_matrix_pretrained,1,0,0.972721600461574,0.9727215997519948
302,CNN_matrix_pretrained,2,0,0.9678971605037576,0.9678971605037576
303,CNN_matrix_pretrained,3,0,0.9392857605611884,0.9392857605611884
304,CNN_matrix_pretrained,4,0,0.9556655181210212,0.9556655181210212
305,CNN_matrix_pretrained,5,0,0.9437635987794594,0.9437635987794594
306,CNN_matrix_pretrained,6,0,0.9369621796293124,0.9369621789884024
307,CNN_matrix_pretrained,7,0,0.9687955529816384,0.9687955519266888
308,CNN_matrix_pretrained,8,0,0.9597390770084328,0.9597390776105
309,CNN_matrix_pretrained,9,0,0.9620057468747965,0.9620057468747965
310,CNN_matrix_pretrained,0,1,0.9756671575425481,0.940669211102683
311,CNN_matrix_pretrained,1,1,0.9702725812733648,0.9202801486122466
312,CNN_matrix_pretrained,2,1,0.9654184038963874,0.9243340549421392
313,CNN_matrix_pretrained,3,1,0.9355278476721338,0.8706650214442034
314,CNN_matrix_pretrained,4,1,0.9506046216694658,0.8745250113460348
315,CNN_matrix_pretrained,5,1,0.9430288635403512,0.8958680651704038
316,CNN_matrix_pretrained,6,1,0.9333434494178888,0.8630373962909504
317,CNN_matrix_pretrained,7,1,0.9695582512645244,0.903945893644847
318,CNN_matrix_pretrained,8,1,0.9540022261077004,0.8628221706129761
319,CNN_matrix_pretrained,9,1,0.9581098496214574,0.9066076453771372
320,CNN_matrix_pretrained,0,2,0.972351706209242,0.8015057777960894
321,CNN_matrix_pretrained,1,2,0.9666733738714977,0.7990115865551319
322,CNN_matrix_pretrained,2,2,0.9647438933238924,0.7829223192319749
323,CNN_matrix_pretrained,3,2,0.9324416394133952,0.6893323933118921
324,CNN_matrix_pretrained,4,2,0.9486881927859552,0.7067446918756014
325,CNN_matrix_pretrained,5,2,0.9417541511086882,0.7446946075343042
326,CNN_matrix_pretrained,6,2,0.9260836920717658,0.7285484767051608
327,CNN_matrix_pretrained,7,2,0.9704442352671891,0.756958162011771
328,CNN_matrix_pretrained,8,2,0.9520475012021332,0.6909882769402529
329,CNN_matrix_pretrained,9,2,0.9500349582723794,0.7837462053074084
330,CNN_matrix_pretrained,0,3,0.9703126359157318,0.5797986583750478
331,CNN_matrix_pretrained,1,3,0.9629676652855303,0.6117427221119748
332,CNN_matrix_pretrained,2,3,0.9584366093426944,0.5432429917387974
333,CNN_matrix_pretrained,3,3,0.9280681284868882,0.4391584760824184
334,CNN_matrix_pretrained,4,3,0.9432258852724132,0.4793856039715891
335,CNN_matrix_pretrained,5,3,0.93708555589538,0.5162298923658639
336,CNN_matrix_pretrained,6,3,0.9278304557264264,0.5465039867705809
337,CNN_matrix_pretrained,7,3,0.9640259701747634,0.5551683886094805
338,CNN_matrix_pretrained,8,3,0.9488944070432525,0.4685240174593523
339,CNN_matrix_pretrained,9,3,0.9452726886538532,0.5922146945989326
340,CNN_matrix_pretrained,0,4,0.9710993340343572,0.3765372854348774
341,CNN_matrix_pretrained,1,4,0.9585556714889036,0.43076422404522174
342,CNN_matrix_pretrained,2,4,0.9562535313105442,0.3471186743263682
343,CNN_matrix_pretrained,3,4,0.9265043729002332,0.2642742292037276
344,CNN_matrix_pretrained,4,4,0.9472662988214348,0.27974881353837544
345,CNN_matrix_pretrained,5,4,0.9450432810007974,0.31594751208123784
346,CNN_matrix_pretrained,6,4,0.9214174275583292,0.375976965276886
347,CNN_matrix_pretrained,7,4,0.962857193342066,0.3701793693593359
348,CNN_matrix_pretrained,8,4,0.9447851704965744,0.3093245987151591
349,CNN_matrix_pretrained,9,4,0.9480231128490596,0.4118823888128702
350,CNN_matrix_pretrained,0,5,0.966313427000314,0.2709545931964356
351,CNN_matrix_pretrained,1,5,0.959025314822793,0.3148360793456072
352,CNN_matrix_pretrained,2,5,0.9727056049786154,0.25203923190254784
353,CNN_matrix_pretrained,3,5,0.9395888965697614,0.14300216102451396
354,CNN_matrix_pretrained,4,5,0.9581656056920104,0.15490737616166692
355,CNN_matrix_pretrained,5,5,0.9537093309050098,0.2089826826689144
356,CNN_matrix_pretrained,6,5,0.9645205448370382,0.2773703933010873
357,CNN_matrix_pretrained,7,5,0.9745832168503232,0.2587420196891793
358,CNN_matrix_pretrained,8,5,0.9636426776012889,0.2276380830208116
359,CNN_matrix_pretrained,9,5,0.980218107278444,0.30124131164925605
360,CNN_matrix_pretrained,0,6,0.9805800444995746,0.21173604842271398
361,CNN_matrix_pretrained,1,6,0.9598875834147306,0.23427662406622785
362,CNN_matrix_pretrained,2,6,0.9763428607110278,0.18069648367809094
363,CNN_matrix_pretrained,3,6,0.945545231314169,0.08739257049012103
364,CNN_matrix_pretrained,4,6,0.9792998764297772,0.13790966393853912
365,CNN_matrix_pretrained,5,6,0.9581171918692656,0.16114863596657025
366,CNN_matrix_pretrained,6,6,0.963022104181446,0.2242356525383309
367,CNN_matrix_pretrained,7,6,0.9755942495350252,0.18809604252280115
368,CNN_matrix_pretrained,8,6,0.958820114834234,0.17382409617110775
369,CNN_matrix_pretrained,9,6,0.9884292280798156,0.2461964009756533
370,CNN_matrix_pretrained,0,7,0.9773732516169548,0.17223807797478954
371,CNN_matrix_pretrained,1,7,0.9812340940999728,0.21483543671952984
372,CNN_matrix_pretrained,2,7,0.9730861037870248,0.15247423564870324
373,CNN_matrix_pretrained,3,7,0.9510984112907732,0.09376907139035956
374,CNN_matrix_pretrained,4,7,0.9688686609410104,0.1029549629692476
375,CNN_matrix_pretrained,5,7,0.9732314117160158,0.13244079250983656
376,CNN_matrix_pretrained,6,7,0.9676292424104108,0.18707105628856507
377,CNN_matrix_pretrained,7,7,0.9808522482713063,0.1660483637844057
378,CNN_matrix_pretrained,8,7,0.972082854171886,0.14985907876603854
379,CNN_matrix_pretrained,9,7,0.9897750602641576,0.2133996894814844
380,CNN_matrix_pretrained,0,8,0.9856645144356622,0.1711435711366573
381,CNN_matrix_pretrained,1,8,0.9770278925145114,0.18141351320504867
382,CNN_matrix_pretrained,2,8,0.9812825382997592,0.11830612839175722
383,CNN_matrix_pretrained,3,8,0.9534146808759244,0.07662082424246554
384,CNN_matrix_pretrained,4,8,0.979268651574418,0.09687501559324184
385,CNN_matrix_pretrained,5,8,0.967037584254822,0.11137791362670348
386,CNN_matrix_pretrained,6,8,0.9759277677525664,0.15402733414294845
387,CNN_matrix_pretrained,7,8,0.9815178146836352,0.15348931770112734
388,CNN_matrix_pretrained,8,8,0.9804066309678382,0.1314518846689548
389,CNN_matrix_pretrained,9,8,0.9908997131214624,0.17737272644518415
390,CNN_matrix_pretrained,0,9,0.985148800173025,0.12292138949229285
391,CNN_matrix_pretrained,1,9,0.9816710465229476,0.14142431004169898
392,CNN_matrix_pretrained,2,9,0.9798123686034004,0.08574556869190232
393,CNN_matrix_pretrained,3,9,0.935326195131832,0.04659918992903032
394,CNN_matrix_pretrained,4,9,0.9821107902970071,0.0795731170508915
395,CNN_matrix_pretrained,5,9,0.9735468144218128,0.16199557522598368
396,CNN_matrix_pretrained,6,9,0.955951261550188,0.13099675441533326
397,CNN_matrix_pretrained,7,9,0.979192711582238,0.12309498972908565
398,CNN_matrix_pretrained,8,9,0.9806497794058588,0.11252252592304204
399,CNN_matrix_pretrained,9,9,0.9925715285936992,0.13128222448332236
400,LSTM_onehot,0,0,0.9242945868241532,0.9242945869843806
401,LSTM_onehot,1,0,0.8710115196493765,0.8710115203589556
402,LSTM_onehot,2,0,0.8665318090979959,0.8665318079292774
403,LSTM_onehot,3,0,0.8990062590321309,0.8990062590321309
404,LSTM_onehot,4,0,0.8900703546452395,0.8900703540111475
405,LSTM_onehot,5,0,0.8624642868323819,0.8624642877839506
406,LSTM_onehot,6,0,0.8790331865180163,0.8790331842748308
407,LSTM_onehot,7,0,0.9521220219610012,0.9521220227522132
408,LSTM_onehot,8,0,0.914720372913048,0.9147203705047794
409,LSTM_onehot,9,0,0.8890679797977614,0.8890679788259466
410,LSTM_onehot,0,1,0.9170951612166872,0.9158241269969812
411,LSTM_onehot,1,1,0.8557857591464805,0.8555582977354615
412,LSTM_onehot,2,1,0.8487406961431154,0.8531144283182335
413,LSTM_onehot,3,1,0.8901282404344821,0.8876392779849833
414,LSTM_onehot,4,1,0.8782586769062154,0.8795297572336404
415,LSTM_onehot,5,1,0.8575522575367147,0.8465016377487463
416,LSTM_onehot,6,1,0.8573759672110967,0.860544354330972
417,LSTM_onehot,7,1,0.9436497379237221,0.9441071138049648
418,LSTM_onehot,8,1,0.9008893038500542,0.9002802937360549
419,LSTM_onehot,9,1,0.8747094358575692,0.8718000453992991
420,LSTM_onehot,0,2,0.9093011182048576,0.909568037348382
421,LSTM_onehot,1,2,0.845432690067202,0.8375081410411642
422,LSTM_onehot,2,2,0.8335372885215869,0.8376320988280711
423,LSTM_onehot,3,2,0.8687291614825704,0.8708375470428719
424,LSTM_onehot,4,2,0.865830631912785,0.8706598663240248
425,LSTM_onehot,5,2,0.8354960740149102,0.8288502710719552
426,LSTM_onehot,6,2,0.8430940700479613,0.8418760024299043
427,LSTM_onehot,7,2,0.9359093253833178,0.9312190363145156
428,LSTM_onehot,8,2,0.8890675374217369,0.8789961702773592
429,LSTM_onehot,9,2,0.8602415202710224,0.8578309920293564
430,LSTM_onehot,0,3,0.8986457781728687,0.8940933285901944
431,LSTM_onehot,1,3,0.8220757208426995,0.8149091322083459
432,LSTM_onehot,2,3,0.8151562117021531,0.8264946939703077
433,LSTM_onehot,3,3,0.8639958739491392,0.8494807304578625
434,LSTM_onehot,4,3,0.8438344843465314,0.8594911945169278
435,LSTM_onehot,5,3,0.8144619341763377,0.8111383420056697
436,LSTM_onehot,6,3,0.8308521817379471,0.8255144364595677
437,LSTM_onehot,7,3,0.9194980777975909,0.9209211708840456
438,LSTM_onehot,8,3,0.8689734533738018,0.8673293054724733
439,LSTM_onehot,9,3,0.8397601462260776,0.8405039471376938
440,LSTM_onehot,0,4,0.8849878215806538,0.8758963254385032
441,LSTM_onehot,1,4,0.8105957627668603,0.8036043601557538
442,LSTM_onehot,2,4,0.796147959836467,0.7978385209203117
443,LSTM_onehot,3,4,0.8487651373857227,0.8392065312861131
444,LSTM_onehot,4,4,0.8332542994663447,0.8418592181513871
445,LSTM_onehot,5,4,0.8015366403471368,0.7940689067149328
446,LSTM_onehot,6,4,0.8135669793867427,0.8015711452140729
447,LSTM_onehot,7,4,0.9073354765179904,0.9132877638665596
448,LSTM_onehot,8,4,0.854335912207433,0.8441995594164255
449,LSTM_onehot,9,4,0.8316201103190233,0.8149296475670748
450,LSTM_onehot,0,5,0.8624733953676149,0.860282539922888
451,LSTM_onehot,1,5,0.8033748114277132,0.7946445357852343
452,LSTM_onehot,2,5,0.7906648789658706,0.8036393447291283
453,LSTM_onehot,3,5,0.8246020134557445,0.820262059474192
454,LSTM_onehot,4,5,0.8271340389662952,0.8369001365255784
455,LSTM_onehot,5,5,0.7964849555731623,0.7720679101904434
456,LSTM_onehot,6,5,0.8374546310837506,0.8083983740064289
457,LSTM_onehot,7,5,0.8959189639980691,0.9022261043888778
458,LSTM_onehot,8,5,0.8592096414597257,0.8374499548710366
459,LSTM_onehot,9,5,0.8468416140024876,0.817865662444346
460,LSTM_onehot,0,6,0.8637970145314168,0.8493450501525742
461,LSTM_onehot,1,6,0.8015552230515266,0.7896046968372581
462,LSTM_onehot,2,6,0.7811590455098444,0.7836491775605453
463,LSTM_onehot,3,6,0.8291216133948521,0.7975597104667463
464,LSTM_onehot,4,6,0.8264613756384604,0.8347377202481541
465,LSTM_onehot,5,6,0.7890456893445029,0.7653047997625424
466,LSTM_onehot,6,6,0.8393096294048952,0.7890711573349691
467,LSTM_onehot,7,6,0.8946191863029411,0.8940253779200609
468,LSTM_onehot,8,6,0.8429108039374114,0.811946405259514
469,LSTM_onehot,9,6,0.8454588664948823,0.8162404231168815
470,LSTM_onehot,0,7,0.8423953600591492,0.8181819527951025
471,LSTM_onehot,1,7,0.8135855621943671,0.7932864538048424
472,LSTM_onehot,2,7,0.7714183067257205,0.7675526674613357
473,LSTM_onehot,3,7,0.8314500525325739,0.7945751095401897
474,LSTM_onehot,4,7,0.7980899333554721,0.7995257216252919
475,LSTM_onehot,5,7,0.7923220294341503,0.7582016602279885
476,LSTM_onehot,6,7,0.8352795418336975,0.7740354055788364
477,LSTM_onehot,7,7,0.8791842806649705,0.8633106084354222
478,LSTM_onehot,8,7,0.8239135883475754,0.7894661791592964
479,LSTM_onehot,9,7,0.8492402823827724,0.8044942793769061
480,LSTM_onehot,0,8,0.8603020442560039,0.8111431659354948
481,LSTM_onehot,1,8,0.7673128501691476,0.7327909182619166
482,LSTM_onehot,2,8,0.7382162453272404,0.7412627390848521
483,LSTM_onehot,3,8,0.7599858007893104,0.7284023026048574
484,LSTM_onehot,4,8,0.7557154083637979,0.7687851453038014
485,LSTM_onehot,5,8,0.7835369081915099,0.7351800350975146
486,LSTM_onehot,6,8,0.8118306387187153,0.7276879220339955
487,LSTM_onehot,7,8,0.8786919867957544,0.8515338025529656
488,LSTM_onehot,8,8,0.818123117237912,0.7472516467815022
489,LSTM_onehot,9,8,0.8461088503788535,0.8028954254653333
490,LSTM_onehot,0,9,0.8525251044795431,0.7713054101523441
491,LSTM_onehot,1,9,0.7352263080953166,0.6959981833596547
492,LSTM_onehot,2,9,0.7289494737315877,0.6840416660831299
493,LSTM_onehot,3,9,0.6878141951931831,0.6723192839242055
494,LSTM_onehot,4,9,0.7549822016428105,0.7470641810387277
495,LSTM_onehot,5,9,0.7965244657540609,0.7415007476796373
496,LSTM_onehot,6,9,0.7640608508791774,0.6903596504924353
497,LSTM_onehot,7,9,0.8398025487653084,0.8139213887165592
498,LSTM_onehot,8,9,0.7459270426515205,0.6603259162084821
499,LSTM_onehot,9,9,0.7971991506423801,0.7436170486944029
500,LSTM_onehot_pretrained,0,0,0.931304959199762,0.931304959199762
501,LSTM_onehot_pretrained,1,0,0.9182491289185626,0.9182491289185626
502,LSTM_onehot_pretrained,2,0,0.9440400903113186,0.9440400885582408
503,LSTM_onehot_pretrained,3,0,0.8999845342958117,0.8999845342996495
504,LSTM_onehot_pretrained,4,0,0.9562864151406796,0.9562864151406796
505,LSTM_onehot_pretrained,5,0,0.9163964628849341,0.9163964656384096
506,LSTM_onehot_pretrained,6,0,0.8971858261533643,0.8971858299988252
507,LSTM_onehot_pretrained,7,0,0.9315492731345966,0.9315492741895459
508,LSTM_onehot_pretrained,8,0,0.9260724761871376,0.9260724772407553
509,LSTM_onehot_pretrained,9,0,0.8612354899437575,0.8612354925352639
510,LSTM_onehot_pretrained,0,1,0.9307465795828128,0.9183425910974516
511,LSTM_onehot_pretrained,1,1,0.9077020289997259,0.8911526700940042
512,LSTM_onehot_pretrained,2,1,0.9312490561916158,0.914352460355297
513,LSTM_onehot_pretrained,3,1,0.8916000742675617,0.8813197979910621
514,LSTM_onehot_pretrained,4,1,0.950386659090295,0.936787716521888
515,LSTM_onehot_pretrained,5,1,0.9093844293760124,0.8906105281803689
516,LSTM_onehot_pretrained,6,1,0.8815490528053227,0.8764546373803963
517,LSTM_onehot_pretrained,7,1,0.9161235737732466,0.9066496393404307
518,LSTM_onehot_pretrained,8,1,0.9174661931102024,0.907867574401714
519,LSTM_onehot_pretrained,9,1,0.8569803278606128,0.8531921159192754
520,LSTM_onehot_pretrained,0,2,0.9262068620819504,0.9027897292797329
521,LSTM_onehot_pretrained,1,2,0.8979318602675838,0.8524468137517697
522,LSTM_onehot_pretrained,2,2,0.9226498646795556,0.8746637609668587
523,LSTM_onehot_pretrained,3,2,0.8818068599693746,0.8569159819210778
524,LSTM_onehot_pretrained,4,2,0.9434779229874438,0.909817211779746
525,LSTM_onehot_pretrained,5,2,0.891220307105096,0.8652369743490599
526,LSTM_onehot_pretrained,6,2,0.869378389183453,0.8362633644275544
527,LSTM_onehot_pretrained,7,2,0.9084161956962143,0.870453622138298
528,LSTM_onehot_pretrained,8,2,0.9112753742522643,0.8781371809753648
529,LSTM_onehot_pretrained,9,2,0.8573711633928388,0.8404084490316597
530,LSTM_onehot_pretrained,0,3,0.9160289288127282,0.8714033697860019
531,LSTM_onehot_pretrained,1,3,0.8778080137794366,0.8084843982398897
532,LSTM_onehot_pretrained,2,3,0.9117369431940218,0.8426721403831616
533,LSTM_onehot_pretrained,3,3,0.8745310656900761,0.8223488026180028
534,LSTM_onehot_pretrained,4,3,0.9263347496690002,0.8938130512063022
535,LSTM_onehot_pretrained,5,3,0.8785591275637157,0.8371588633551452
536,LSTM_onehot_pretrained,6,3,0.8573624262394408,0.7926314234699328
537,LSTM_onehot_pretrained,7,3,0.8873415783443283,0.8258210298750869
538,LSTM_onehot_pretrained,8,3,0.9031035843092058,0.8504817926727262
539,LSTM_onehot_pretrained,9,3,0.8423895514240007,0.7995087893123539
540,LSTM_onehot_pretrained,0,4,0.9103960393722194,0.8393596361886556
541,LSTM_onehot_pretrained,1,4,0.8662773764050794,0.7530228011494542
542,LSTM_onehot_pretrained,2,4,0.8951756569660372,0.7825817367412211
543,LSTM_onehot_pretrained,3,4,0.8601801027608352,0.7920742380125965
544,LSTM_onehot_pretrained,4,4,0.9179465223547248,0.8501359403350678
545,LSTM_onehot_pretrained,5,4,0.8664327773161549,0.7880737588110831
546,LSTM_onehot_pretrained,6,4,0.8392572127882156,0.7447232606332403
547,LSTM_onehot_pretrained,7,4,0.8776927900391521,0.7879572586568251
548,LSTM_onehot_pretrained,8,4,0.892685393976336,0.8150454129382059
549,LSTM_onehot_pretrained,9,4,0.8387850783290828,0.772943733517399
550,LSTM_onehot_pretrained,0,5,0.897262547574786,0.7844505023387284
551,LSTM_onehot_pretrained,1,5,0.8595995268273372,0.708519138074487
552,LSTM_onehot_pretrained,2,5,0.8955212644526509,0.7655386374803003
553,LSTM_onehot_pretrained,3,5,0.8501356997306813,0.7370436922877109
554,LSTM_onehot_pretrained,4,5,0.9226227901141872,0.8167812579432582
555,LSTM_onehot_pretrained,5,5,0.8683697314548743,0.7471859156500006
556,LSTM_onehot_pretrained,6,5,0.8676779864455407,0.7106404254363095
557,LSTM_onehot_pretrained,7,5,0.8766407735648815,0.7390514617674294
558,LSTM_onehot_pretrained,8,5,0.9114249526305314,0.8005373522947977
559,LSTM_onehot_pretrained,9,5,0.8782016711216625,0.7707029686034504
560,LSTM_onehot_pretrained,0,6,0.9028524678216404,0.7460628902863982
561,LSTM_onehot_pretrained,1,6,0.8613311081907826,0.6524227016801988
562,LSTM_onehot_pretrained,2,6,0.88828849005756,0.7061622661030273
563,LSTM_onehot_pretrained,3,6,0.8437070359292043,0.7005104949393085
564,LSTM_onehot_pretrained,4,6,0.9173531440679684,0.7915853191507702
565,LSTM_onehot_pretrained,5,6,0.8677437060963554,0.7047548547214721
566,LSTM_onehot_pretrained,6,6,0.8611381441764852,0.650060051835609
567,LSTM_onehot_pretrained,7,6,0.8752473398115028,0.681099193214445
568,LSTM_onehot_pretrained,8,6,0.8961151089927201,0.7313137550885013
569,LSTM_onehot_pretrained,9,6,0.8828947738523958,0.7601146027241601
570,LSTM_onehot_pretrained,0,7,0.8956541567180483,0.6930962787268938
571,LSTM_onehot_pretrained,1,7,0.8703665798777834,0.6272621386337217
572,LSTM_onehot_pretrained,2,7,0.885339946138776,0.6588361060723934
573,LSTM_onehot_pretrained,3,7,0.85339464194158,0.6722468441161217
574,LSTM_onehot_pretrained,4,7,0.901758421946184,0.6858939355195884
575,LSTM_onehot_pretrained,5,7,0.8720979875291001,0.6740209918402028
576,LSTM_onehot_pretrained,6,7,0.853086032862072,0.598361159279215
577,LSTM_onehot_pretrained,7,7,0.8822580387202712,0.6444553166696277
578,LSTM_onehot_pretrained,8,7,0.8881597599624108,0.6990552953838153
579,LSTM_onehot_pretrained,9,7,0.8861876296798354,0.7067303099626698
580,LSTM_onehot_pretrained,0,8,0.9217683953108888,0.6742813890115401
581,LSTM_onehot_pretrained,1,8,0.8533475390987264,0.5832714522211501
582,LSTM_onehot_pretrained,2,8,0.8902979545342998,0.5962933834757993
583,LSTM_onehot_pretrained,3,8,0.7998591212014654,0.5839721629252194
584,LSTM_onehot_pretrained,4,8,0.8991359739385096,0.6129804724915241
585,LSTM_onehot_pretrained,5,8,0.8785772486387515,0.6449479061866299
586,LSTM_onehot_pretrained,6,8,0.8532893794749373,0.575270446943087
587,LSTM_onehot_pretrained,7,8,0.8991467166343453,0.6226844833933167
588,LSTM_onehot_pretrained,8,8,0.881694727105787,0.6364980258406726
589,LSTM_onehot_pretrained,9,8,0.8973537299022807,0.7223231016166021
590,LSTM_onehot_pretrained,0,9,0.8970270968973637,0.5909516943709312
591,LSTM_onehot_pretrained,1,9,0.8535536279472021,0.4878817491838186
592,LSTM_onehot_pretrained,2,9,0.8934101064631969,0.5394181145334671
593,LSTM_onehot_pretrained,3,9,0.7655446621320288,0.5391491188224143
594,LSTM_onehot_pretrained,4,9,0.8804063400155522,0.6016523192092608
595,LSTM_onehot_pretrained,5,9,0.8775301667955016,0.6522991150908294
596,LSTM_onehot_pretrained,6,9,0.8447923152549969,0.5124317358212178
597,LSTM_onehot_pretrained,7,9,0.8778673086353023,0.5679794193508579
598,LSTM_onehot_pretrained,8,9,0.8179482245707833,0.5656107610937056
599,LSTM_onehot_pretrained,9,9,0.8576539634025263,0.6472792006670351
