,model,k,mutations,section,base,diff_abs,diff_rel
0,CNN_onehot,0,base,0.9232188952205482,0.9232188952205482,0.0,0.0
1,CNN_onehot,0,pad_left,0.9000701688630607,0.9232188952205482,0.023148726357487548,0.025073930437653713
2,CNN_onehot,0,stretch_left,0.879372943536542,0.9232188952205482,0.04384595168400618,0.04749247649825428
3,CNN_onehot,0,stem_left,0.9086850175891058,0.9232188952205482,0.014533877631442427,0.01574261283719769
4,CNN_onehot,0,loop,0.9313563044500072,0.9232188952205482,-0.008137409229458936,-0.008814171017930583
5,CNN_onehot,0,stem_right,0.8968532548242626,0.9232188952205482,0.02636564039628564,0.02855838472628658
6,CNN_onehot,0,strech_right,0.42972549903089696,0.9232188952205482,0.49349339618965127,0.5345356326050501
7,CNN_onehot,0,pad_right,0.915977841007146,0.9232188952205482,0.007241054213402265,0.007843269078318005
8,CNN_onehot,1,base,0.9294411428633056,0.9294411428633056,0.0,0.0
9,CNN_onehot,1,pad_left,0.9024907217337008,0.9294411428633056,0.026950421129604774,0.02899637199896199
10,CNN_onehot,1,stretch_left,0.9017606046760366,0.9294411428633056,0.02768053818726901,0.029781916154469235
11,CNN_onehot,1,stem_left,0.9110362412958656,0.9294411428633056,0.018404901567440013,0.019802116259605707
12,CNN_onehot,1,loop,0.9256931860806488,0.9294411428633056,0.003747956782656825,0.004032484263727154
13,CNN_onehot,1,stem_right,0.8792271920250699,0.9294411428633056,0.050213950838235655,0.054025960894675706
14,CNN_onehot,1,strech_right,0.4078229194515318,0.9294411428633056,0.5216182234117738,0.5612170576017733
15,CNN_onehot,1,pad_right,0.9228986985430802,0.9294411428633056,0.006542444320225438,0.007039116323245942
16,CNN_onehot,2,base,0.8200925863987091,0.8200925863987091,0.0,0.0
17,CNN_onehot,2,pad_left,0.7877523915635215,0.8200925863987091,0.032340194835187575,0.039434809400245685
18,CNN_onehot,2,stretch_left,0.7752514492355141,0.8200925863987091,0.04484113716319493,0.054678139891627175
19,CNN_onehot,2,stem_left,0.8087390006197239,0.8200925863987091,0.011353585778985154,0.013844273155598663
20,CNN_onehot,2,loop,0.8258483820028749,0.8200925863987091,-0.0057557956041658365,-0.007018470474707383
21,CNN_onehot,2,stem_right,0.7923531933937198,0.8200925863987091,0.027739393004989288,0.033824708898786526
22,CNN_onehot,2,strech_right,0.401918725598774,0.8200925863987091,0.41817386079993507,0.509910548803119
23,CNN_onehot,2,pad_right,0.8130850185025361,0.8200925863987091,0.0070075678961729615,0.008544849706476954
24,CNN_onehot,3,base,0.8744659130563858,0.8744659130563858,0.0,0.0
25,CNN_onehot,3,pad_left,0.8480721852595444,0.8744659130563858,0.02639372779684135,0.030182683398820465
26,CNN_onehot,3,stretch_left,0.8174683085441479,0.8744659130563858,0.0569976045122379,0.06517990428354492
27,CNN_onehot,3,stem_left,0.8583903868022569,0.8744659130563858,0.01607552625412889,0.01838325086674053
28,CNN_onehot,3,loop,0.8810115613962691,0.8744659130563858,-0.006545648339883359,-0.007485309881325675
29,CNN_onehot,3,stem_right,0.8309539310659722,0.8744659130563858,0.04351198199041362,0.049758351172698
30,CNN_onehot,3,strech_right,0.3406287722648616,0.8744659130563858,0.5338371407915241,0.6104722126053896
31,CNN_onehot,3,pad_right,0.8645113258559475,0.8744659130563858,0.009954587200438292,0.011383619477682738
32,CNN_onehot,4,base,0.8333109989365999,0.8333109989365999,0.0,0.0
33,CNN_onehot,4,pad_left,0.8085333467058257,0.8333109989365999,0.024777652230774216,0.029733979585524928
34,CNN_onehot,4,stretch_left,0.7832939084209766,0.8333109989365999,0.05001709051562331,0.060022117288084376
35,CNN_onehot,4,stem_left,0.8236672265547599,0.8333109989365999,0.009643772381839999,0.01157283702500811
36,CNN_onehot,4,loop,0.8365197931304046,0.8333109989365999,-0.0032087941938047093,-0.0038506562350664186
37,CNN_onehot,4,stem_right,0.8010492624107299,0.8333109989365999,0.032261736525869944,0.03871512144570233
38,CNN_onehot,4,strech_right,0.4161370944304405,0.8333109989365999,0.4171739045061594,0.500622102718578
39,CNN_onehot,4,pad_right,0.8240105591899326,0.8333109989365999,0.009300439746667277,0.011160826820401648
40,CNN_onehot,5,base,0.8451315812442614,0.8451315812442614,0.0,0.0
41,CNN_onehot,5,pad_left,0.8274593292533056,0.8451315812442614,0.01767225199095579,0.020910651528295077
42,CNN_onehot,5,stretch_left,0.8121481980379347,0.8451315812442614,0.032983383206326655,0.039027512328632
43,CNN_onehot,5,stem_left,0.8340759499545168,0.8451315812442614,0.011055631289744516,0.013081550299502087
44,CNN_onehot,5,loop,0.8546681685184223,0.8451315812442614,-0.009536587274160957,-0.011284144961333231
45,CNN_onehot,5,stem_right,0.8280637836826128,0.8451315812442614,0.017067797561648557,0.020195432214851317
46,CNN_onehot,5,strech_right,0.4088187091815137,0.8451315812442614,0.43631287206274766,0.5162662025011272
47,CNN_onehot,5,pad_right,0.8376390104357531,0.8451315812442614,0.007492570808508292,0.008865567178873102
48,CNN_onehot,6,base,0.8986434917496418,0.8986434917496418,0.0,0.0
49,CNN_onehot,6,pad_left,0.8715162276433894,0.8986434917496418,0.027127264106252325,0.03018690321056694
50,CNN_onehot,6,stretch_left,0.8606850655776145,0.8986434917496418,0.03795842617202727,0.042239694072810696
51,CNN_onehot,6,stem_left,0.8821300774579033,0.8986434917496418,0.01651341429173847,0.01837593488780198
52,CNN_onehot,6,loop,0.9049749863911488,0.8986434917496418,-0.006331494641507063,-0.00704561341581611
53,CNN_onehot,6,stem_right,0.8347955345793704,0.8986434917496418,0.06384795717027136,0.07104926231197717
54,CNN_onehot,6,strech_right,0.4105537317599767,0.8986434917496418,0.48808975998966503,0.5431405940962901
55,CNN_onehot,6,pad_right,0.8873571862923949,0.8986434917496418,0.011286305457246848,0.012559269121587446
56,CNN_onehot,7,base,0.8885782147732983,0.8885782147732983,0.0,0.0
57,CNN_onehot,7,pad_left,0.8579876572926664,0.8885782147732983,0.030590557480631997,0.03442640948432041
58,CNN_onehot,7,stretch_left,0.8529018120823708,0.8885782147732983,0.03567640269092753,0.04014998578378337
59,CNN_onehot,7,stem_left,0.8774849924739659,0.8885782147732983,0.011093222299332406,0.012484238432699635
60,CNN_onehot,7,loop,0.9003386282705452,0.8885782147732983,-0.01176041349724688,-0.013235090959603735
61,CNN_onehot,7,stem_right,0.8633099632370657,0.8885782147732983,0.02526825153623269,0.028436721850849445
62,CNN_onehot,7,strech_right,0.3736591733200888,0.8885782147732983,0.5149190414532095,0.5794864570077043
63,CNN_onehot,7,pad_right,0.8722614186329651,0.8885782147732983,0.016316796140333212,0.018362813615114493
64,CNN_onehot,8,base,0.8771218313092385,0.8771218313092385,0.0,0.0
65,CNN_onehot,8,pad_left,0.8432143121826077,0.8771218313092385,0.033907519126630814,0.038657707420209464
66,CNN_onehot,8,stretch_left,0.828671650328871,0.8771218313092385,0.04845018098036746,0.055237686773852324
67,CNN_onehot,8,stem_left,0.8550491712401035,0.8771218313092385,0.022072660069134997,0.025164873659783593
68,CNN_onehot,8,loop,0.8822508935051459,0.8771218313092385,-0.0051290621959073635,-0.0058476052160867376
69,CNN_onehot,8,stem_right,0.8415932392444374,0.8771218313092385,0.03552859206480108,0.04050588047930492
70,CNN_onehot,8,strech_right,0.35413336297748016,0.8771218313092385,0.5229884683317583,0.5962552175347386
71,CNN_onehot,8,pad_right,0.8656272862288437,0.8771218313092385,0.011494545080394825,0.013104844355814826
72,CNN_onehot,9,base,0.8927612810739842,0.8927612810739842,0.0,0.0
73,CNN_onehot,9,pad_left,0.8640510198005571,0.8927612810739842,0.02871026127342713,0.03215894537774866
74,CNN_onehot,9,stretch_left,0.8310653948272322,0.8927612810739842,0.06169588624675204,0.0691068122628844
75,CNN_onehot,9,stem_left,0.868834973587587,0.8927612810739842,0.023926307486397236,0.026800341808746575
76,CNN_onehot,9,loop,0.9011773329383383,0.8927612810739842,-0.008416051864354124,-0.009426990218739828
77,CNN_onehot,9,stem_right,0.8615324826107995,0.8927612810739842,0.031228798463184715,0.03498000991442718
78,CNN_onehot,9,strech_right,0.38318590401719066,0.8927612810739842,0.5095753770567936,0.5707857048233305
79,CNN_onehot,9,pad_right,0.8756943440294244,0.8927612810739842,0.01706693704455986,0.01911702199274201
80,CNN_onehot_pretrained,0,base,0.9557245912090424,0.9557245912090424,0.0,0.0
81,CNN_onehot_pretrained,0,pad_left,0.9259826098451904,0.9557245912090424,0.029741981363851977,0.031119824306526156
82,CNN_onehot_pretrained,0,stretch_left,0.9281969455641604,0.9557245912090424,0.02752764564488197,0.02880290608621683
83,CNN_onehot_pretrained,0,stem_left,0.8968296695459304,0.9557245912090424,0.058894921663112054,0.06162331931692455
84,CNN_onehot_pretrained,0,loop,0.9587853507168832,0.9557245912090424,-0.0030607595078407934,-0.003202553890518489
85,CNN_onehot_pretrained,0,stem_right,0.8645734851391682,0.9557245912090424,0.0911511060698742,0.09537382098179892
86,CNN_onehot_pretrained,0,strech_right,0.4803978915364633,0.9557245912090424,0.4753266996725791,0.497346938694196
87,CNN_onehot_pretrained,0,pad_right,0.9459498730733472,0.9557245912090424,0.009774718135695193,0.010227546958198164
88,CNN_onehot_pretrained,1,base,0.9173482480192824,0.9173482480192824,0.0,0.0
89,CNN_onehot_pretrained,1,pad_left,0.8813411712746269,0.9173482480192824,0.03600707674465553,0.039251262344917714
90,CNN_onehot_pretrained,1,stretch_left,0.8838460855437295,0.9173482480192824,0.03350216247555293,0.03652065891867129
91,CNN_onehot_pretrained,1,stem_left,0.844227025218101,0.9173482480192824,0.07312122280118138,0.07970933934747582
92,CNN_onehot_pretrained,1,loop,0.9239035141018648,0.9173482480192824,-0.006555266082582389,-0.007145886087139175
93,CNN_onehot_pretrained,1,stem_right,0.8014504521748879,0.9173482480192824,0.11589779584439452,0.12634001982849852
94,CNN_onehot_pretrained,1,strech_right,0.4648358883785217,0.9173482480192824,0.4525123596407607,0.49328306956253
95,CNN_onehot_pretrained,1,pad_right,0.9057175023270594,0.9173482480192824,0.011630745692222999,0.012678659077766663
96,CNN_onehot_pretrained,2,base,0.9255109122022986,0.9255109122022986,0.0,0.0
97,CNN_onehot_pretrained,2,pad_left,0.9027983060070112,0.9255109122022986,0.022712606195287477,0.024540614157905205
98,CNN_onehot_pretrained,2,stretch_left,0.9046344173685618,0.9255109122022986,0.02087649483373688,0.022556724678761686
99,CNN_onehot_pretrained,2,stem_left,0.8583209523390918,0.9255109122022986,0.06718995986320686,0.0725976960156256
100,CNN_onehot_pretrained,2,loop,0.9283896775103594,0.9255109122022986,-0.002878765308060749,-0.0031104606872873752
101,CNN_onehot_pretrained,2,stem_right,0.8228994607389752,0.9255109122022986,0.1026114514633234,0.11087006118507492
102,CNN_onehot_pretrained,2,strech_right,0.4539439947434147,0.9255109122022986,0.47156691745888396,0.5095206455608041
103,CNN_onehot_pretrained,2,pad_right,0.919177511145872,0.9255109122022986,0.006333401056426657,0.006843140337865927
104,CNN_onehot_pretrained,3,base,0.8764183375994664,0.8764183375994664,0.0,0.0
105,CNN_onehot_pretrained,3,pad_left,0.8432330421796376,0.8764183375994664,0.03318529541982884,0.03786467488884848
106,CNN_onehot_pretrained,3,stretch_left,0.8394896188535089,0.8764183375994664,0.03692871874595749,0.04213594942240284
107,CNN_onehot_pretrained,3,stem_left,0.8049329019088517,0.8764183375994664,0.07148543569061472,0.08156542671895162
108,CNN_onehot_pretrained,3,loop,0.8830782683412698,0.8764183375994664,-0.006659930741803377,-0.007599031713604987
109,CNN_onehot_pretrained,3,stem_right,0.7712955132439807,0.8764183375994664,0.1051228243554857,0.11994594344456544
110,CNN_onehot_pretrained,3,strech_right,0.4523345140088264,0.8764183375994664,0.42408382359064,0.48388287350561043
111,CNN_onehot_pretrained,3,pad_right,0.8664725812946893,0.8764183375994664,0.00994575630477712,0.011348183713292492
112,CNN_onehot_pretrained,4,base,0.9157754656799296,0.9157754656799296,0.0,0.0
113,CNN_onehot_pretrained,4,pad_left,0.8937698492476492,0.9157754656799296,0.022005616432280384,0.024029488948955402
114,CNN_onehot_pretrained,4,stretch_left,0.879378274903494,0.9157754656799296,0.03639719077643566,0.03974466683207334
115,CNN_onehot_pretrained,4,stem_left,0.8489900058426015,0.9157754656799296,0.06678545983732809,0.07292776705667947
116,CNN_onehot_pretrained,4,loop,0.9180903751429512,0.9157754656799296,-0.002314909463021597,-0.0025278133666781777
117,CNN_onehot_pretrained,4,stem_right,0.8226726263710331,0.9157754656799296,0.09310283930889651,0.10166557502146123
118,CNN_onehot_pretrained,4,strech_right,0.5695895614092575,0.9157754656799296,0.3461859042706721,0.37802487317526223
119,CNN_onehot_pretrained,4,pad_right,0.9064101167696904,0.9157754656799296,0.009365348910239213,0.010226686847616961
120,CNN_onehot_pretrained,5,base,0.8617734241238593,0.8617734241238593,0.0,0.0
121,CNN_onehot_pretrained,5,pad_left,0.8326974727007547,0.8617734241238593,0.029075951423104596,0.033739670555129164
122,CNN_onehot_pretrained,5,stretch_left,0.8254132267094447,0.8617734241238593,0.03636019741441454,0.04219229370107458
123,CNN_onehot_pretrained,5,stem_left,0.7888864141904101,0.8617734241238593,0.07288700993344921,0.08457792720580981
124,CNN_onehot_pretrained,5,loop,0.8715319901360604,0.8617734241238593,-0.009758566012201153,-0.011323818696454158
125,CNN_onehot_pretrained,5,stem_right,0.7575817905454998,0.8617734241238593,0.10419163357835948,0.12090374414166716
126,CNN_onehot_pretrained,5,strech_right,0.486603577643805,0.8617734241238593,0.37516984648005425,0.4353462708153003
127,CNN_onehot_pretrained,5,pad_right,0.8530147122760791,0.8617734241238593,0.00875871184778021,0.010163590106860076
128,CNN_onehot_pretrained,6,base,0.9005503132785996,0.9005503132785996,0.0,0.0
129,CNN_onehot_pretrained,6,pad_left,0.8649820106934883,0.9005503132785996,0.03556830258511123,0.03949618589950743
130,CNN_onehot_pretrained,6,stretch_left,0.8750527570113166,0.9005503132785996,0.025497556267283006,0.028313305643584807
131,CNN_onehot_pretrained,6,stem_left,0.8505238729900341,0.9005503132785996,0.05002644028856551,0.05555096650451008
132,CNN_onehot_pretrained,6,loop,0.9204841294271332,0.9005503132785996,-0.019933816148533623,-0.02213514986848586
133,CNN_onehot_pretrained,6,stem_right,0.7891997567715416,0.9005503132785996,0.11135055650705794,0.12364723532399668
134,CNN_onehot_pretrained,6,strech_right,0.4332287346504865,0.9005503132785996,0.4673215786281131,0.5189288946297215
135,CNN_onehot_pretrained,6,pad_right,0.9088873040251514,0.9005503132785996,-0.008336990746551809,-0.009257662368912678
136,CNN_onehot_pretrained,7,base,0.9595878208633016,0.9595878208633016,0.0,0.0
137,CNN_onehot_pretrained,7,pad_left,0.921119770045038,0.9595878208633016,0.038468050818263655,0.04008809822498116
138,CNN_onehot_pretrained,7,stretch_left,0.9297154997390279,0.9595878208633016,0.029872321124273737,0.0311303670959463
139,CNN_onehot_pretrained,7,stem_left,0.8992026991878463,0.9595878208633016,0.06038512167545529,0.06292818683456125
140,CNN_onehot_pretrained,7,loop,0.9692682881886276,0.9595878208633016,-0.009680467325326014,-0.010088151511361332
141,CNN_onehot_pretrained,7,stem_right,0.8637461963369288,0.9595878208633016,0.09584162452637279,0.09987790845464051
142,CNN_onehot_pretrained,7,strech_right,0.5258157641644065,0.9595878208633016,0.4337720566988952,0.4520399772359015
143,CNN_onehot_pretrained,7,pad_right,0.9466729322981342,0.9595878208633016,0.012914888565167426,0.013458787496436142
144,CNN_onehot_pretrained,8,base,0.9377291932657379,0.9377291932657379,0.0,0.0
145,CNN_onehot_pretrained,8,pad_left,0.9229152801232208,0.9377291932657379,0.014813913142517121,0.015797645257183635
146,CNN_onehot_pretrained,8,stretch_left,0.9171603368987996,0.9377291932657379,0.020568856366938282,0.021934751007703146
147,CNN_onehot_pretrained,8,stem_left,0.8901208344421676,0.9377291932657379,0.047608358823570285,0.050769837566610576
148,CNN_onehot_pretrained,8,loop,0.9423399926613238,0.9377291932657379,-0.004610799395585952,-0.004916983953041187
149,CNN_onehot_pretrained,8,stem_right,0.8582492966234083,0.9377291932657379,0.07947989664232957,0.08475783543171211
150,CNN_onehot_pretrained,8,strech_right,0.529711581723077,0.9377291932657379,0.4080176115426609,0.43511241248840493
151,CNN_onehot_pretrained,8,pad_right,0.9336165010984376,0.9377291932657379,0.004112692167300258,0.004385799436378179
152,CNN_onehot_pretrained,9,base,0.8754956092528553,0.8754956092528553,0.0,0.0
153,CNN_onehot_pretrained,9,pad_left,0.8468811584150662,0.8754956092528553,0.02861445083778913,0.03268371712590157
154,CNN_onehot_pretrained,9,stretch_left,0.8226453596032629,0.8754956092528553,0.052850249649592396,0.06036609332021048
155,CNN_onehot_pretrained,9,stem_left,0.8057683826102352,0.8754956092528553,0.0697272266426201,0.07964314829873909
156,CNN_onehot_pretrained,9,loop,0.887804045348995,0.8754956092528553,-0.012308436096139741,-0.014058821044966363
157,CNN_onehot_pretrained,9,stem_right,0.7715115597306251,0.8754956092528553,0.10398404952223017,0.11877164022669373
158,CNN_onehot_pretrained,9,strech_right,0.4451348169174457,0.8754956092528553,0.4303607923354096,0.4915624793397626
159,CNN_onehot_pretrained,9,pad_right,0.8642532877497496,0.8754956092528553,0.011242321503105668,0.0128410941006315
160,CNN_matrix,0,base,0.9023279651438676,0.9023279651438676,0.0,0.0
161,CNN_matrix,0,pad_left,0.8909588712090659,0.9023279651438676,0.011369093934801677,0.012599735765685849
162,CNN_matrix,0,stretch_left,0.8292122136634578,0.9023279651438676,0.07311575148040983,0.08103012907147589
163,CNN_matrix,0,stem_left,0.7772904669845937,0.9023279651438676,0.1250374981592739,0.1385721189959328
164,CNN_matrix,0,loop,0.9035346571155772,0.9023279651438676,-0.0012066919717096392,-0.0013373097347340046
165,CNN_matrix,0,stem_right,0.7758429122327637,0.9023279651438676,0.1264850529111039,0.1401763635807708
166,CNN_matrix,0,strech_right,0.4761739144582421,0.9023279651438676,0.4261540506856255,0.472282880668205
167,CNN_matrix,0,pad_right,0.8870852194779877,0.9023279651438676,0.015242745665879909,0.016892688971963277
168,CNN_matrix,1,base,0.9377079926032041,0.9377079926032041,0.0,0.0
169,CNN_matrix,1,pad_left,0.9385834822987412,0.9377079926032041,-0.0008754896955370794,-0.0009336485371171932
170,CNN_matrix,1,stretch_left,0.9104700495721773,0.9377079926032041,0.02723794303102689,0.029047361487674506
171,CNN_matrix,1,stem_left,0.7497043951231587,0.9377079926032041,0.18800359748004547,0.20049268958252353
172,CNN_matrix,1,loop,0.9497589136401768,0.9377079926032041,-0.012050921036972695,-0.012851464562563475
173,CNN_matrix,1,stem_right,0.7258310249431931,0.9377079926032041,0.21187696766001107,0.22595196940980744
174,CNN_matrix,1,strech_right,0.610830303234148,0.9377079926032041,0.32687768936905615,0.34859219708856215
175,CNN_matrix,1,pad_right,0.9404939732407146,0.9377079926032041,-0.0027859806375104545,-0.0029710535257103654
176,CNN_matrix,2,base,0.9460167745584804,0.9460167745584804,0.0,0.0
177,CNN_matrix,2,pad_left,0.9408228903485376,0.9460167745584804,0.005193884209942823,0.005490266504383001
178,CNN_matrix,2,stretch_left,0.8999286461274559,0.9460167745584804,0.0460881284310245,0.048718087956246325
179,CNN_matrix,2,stem_left,0.7104892682040633,0.9460167745584804,0.2355275063544171,0.2489675793162771
180,CNN_matrix,2,loop,0.9465137633105458,0.9460167745584804,-0.000496988752065386,-0.0005253487733316575
181,CNN_matrix,2,stem_right,0.7241205339128262,0.9460167745584804,0.22189624064565427,0.2345584630348827
182,CNN_matrix,2,strech_right,0.5795908393898334,0.9460167745584804,0.3664259351686471,0.38733555791298024
183,CNN_matrix,2,pad_right,0.9372744328884128,0.9460167745584804,0.0087423416700676,0.009241212106569474
184,CNN_matrix,3,base,0.9384854837822226,0.9384854837822226,0.0,0.0
185,CNN_matrix,3,pad_left,0.9337532080274976,0.9384854837822226,0.004732275754725013,0.005042460258046111
186,CNN_matrix,3,stretch_left,0.9002569655867314,0.9384854837822226,0.03822851819549122,0.04073426691846649
187,CNN_matrix,3,stem_left,0.7143807340646162,0.9384854837822226,0.2241047497176064,0.2387940501907756
188,CNN_matrix,3,loop,0.9378898475088876,0.9384854837822226,0.0005956362733350318,0.0006346781954842395
189,CNN_matrix,3,stem_right,0.6684280871710443,0.9384854837822226,0.27005739661117834,0.287758736046519
190,CNN_matrix,3,strech_right,0.5877528106182262,0.9384854837822226,0.3507326731639965,0.3737220012721951
191,CNN_matrix,3,pad_right,0.9316192414034192,0.9384854837822226,0.0068662423788034,0.007316301101570111
192,CNN_matrix,4,base,0.9494634154871938,0.9494634154871938,0.0,0.0
193,CNN_matrix,4,pad_left,0.9516195809413308,0.9494634154871938,-0.0021561654541369935,-0.002270930526618198
194,CNN_matrix,4,stretch_left,0.9312208587166702,0.9494634154871938,0.018242556770523666,0.019213543642608855
195,CNN_matrix,4,stem_left,0.7507872605338818,0.9494634154871938,0.19867615495331203,0.20925098504334283
196,CNN_matrix,4,loop,0.9535301778526608,0.9494634154871938,-0.0040667623654669915,-0.004283221764137313
197,CNN_matrix,4,stem_right,0.7237729206581349,0.9494634154871938,0.2256904948290589,0.23770320282772706
198,CNN_matrix,4,strech_right,0.7327454744384901,0.9494634154871938,0.21671794104870368,0.22825307169681752
199,CNN_matrix,4,pad_right,0.9458069344183284,0.9494634154871938,0.0036564810688654026,0.00385110264305355
200,CNN_matrix,5,base,0.9278940143982332,0.9278940143982332,0.0,0.0
201,CNN_matrix,5,pad_left,0.9210156020591124,0.9278940143982332,0.006878412339120787,0.007412928882380654
202,CNN_matrix,5,stretch_left,0.8682855073775948,0.9278940143982332,0.05960850702063836,0.0642406418143523
203,CNN_matrix,5,stem_left,0.6956008838648247,0.9278940143982332,0.2322931305334085,0.25034446491613327
204,CNN_matrix,5,loop,0.9245346346744372,0.9278940143982332,0.0033593797237959633,0.003620434738955236
205,CNN_matrix,5,stem_right,0.6792611125965461,0.9278940143982332,0.24863290180168707,0.2679539882180756
206,CNN_matrix,5,strech_right,0.5407985884129353,0.9278940143982332,0.3870954259852979,0.4171763369293213
207,CNN_matrix,5,pad_right,0.9141706311497398,0.9278940143982332,0.013723383248493315,0.014789817625231017
208,CNN_matrix,6,base,0.8512711328684642,0.8512711328684642,0.0,0.0
209,CNN_matrix,6,pad_left,0.8356271457207459,0.8512711328684642,0.015643987147718308,0.0183772085575179
210,CNN_matrix,6,stretch_left,0.7969620906323942,0.8512711328684642,0.054309042236070026,0.06379758474020958
211,CNN_matrix,6,stem_left,0.7931988594833241,0.8512711328684642,0.058072273385140094,0.0682183045364857
212,CNN_matrix,6,loop,0.856478958683736,0.8512711328684642,-0.005207825815271794,-0.006117705175463062
213,CNN_matrix,6,stem_right,0.7674145777459427,0.8512711328684642,0.08385655512252155,0.09850745771204106
214,CNN_matrix,6,strech_right,0.4517851541412988,0.8512711328684642,0.39948597872716546,0.46928171683802744
215,CNN_matrix,6,pad_right,0.8431043160591929,0.8512711328684642,0.008166816809271338,0.00959367291329638
216,CNN_matrix,7,base,0.9257583018161554,0.9257583018161554,0.0,0.0
217,CNN_matrix,7,pad_left,0.914110503972104,0.9257583018161554,0.011647797844051344,0.012581899423640741
218,CNN_matrix,7,stretch_left,0.8679350855911376,0.9257583018161554,0.05782321622501774,0.06246038097803708
219,CNN_matrix,7,stem_left,0.8281560518902488,0.9257583018161554,0.0976022499259066,0.10542951625108865
220,CNN_matrix,7,loop,0.9248746918453932,0.9257583018161554,0.0008836099707622003,0.0009544715602644027
221,CNN_matrix,7,stem_right,0.8284093204676929,0.9257583018161554,0.09734898134846248,0.10515593666023082
222,CNN_matrix,7,strech_right,0.5033014161210057,0.9257583018161554,0.4224568856951497,0.45633604890863255
223,CNN_matrix,7,pad_right,0.9114110996062074,0.9257583018161554,0.014347202209948007,0.015497784013172367
224,CNN_matrix,8,base,0.9125056267349104,0.9125056267349104,0.0,0.0
225,CNN_matrix,8,pad_left,0.910711616543294,0.9125056267349104,0.001794010191616402,0.0019660264430759744
226,CNN_matrix,8,stretch_left,0.8397073999204068,0.9125056267349104,0.07279822681450365,0.07977838676456961
227,CNN_matrix,8,stem_left,0.6819826561506047,0.9125056267349104,0.2305229705843057,0.25262635520303955
228,CNN_matrix,8,loop,0.9229469506584284,0.9125056267349104,-0.010441323923517931,-0.011442476207931707
229,CNN_matrix,8,stem_right,0.6746295302667301,0.9125056267349104,0.2378760964681803,0.26068452566077716
230,CNN_matrix,8,strech_right,0.5509090320544273,0.9125056267349104,0.3615965946804831,0.3962677972456268
231,CNN_matrix,8,pad_right,0.894754204450031,0.9125056267349104,0.01775142228487947,0.019453493507099684
232,CNN_matrix,9,base,0.9096363536461824,0.9096363536461824,0.0,0.0
233,CNN_matrix,9,pad_left,0.9117954121357628,0.9096363536461824,-0.002159058489580312,-0.002373540240477423
234,CNN_matrix,9,stretch_left,0.850698992115297,0.9096363536461824,0.05893736153088547,0.06479222306215138
235,CNN_matrix,9,stem_left,0.7197652115791098,0.9096363536461824,0.18987114206707267,0.20873301875633488
236,CNN_matrix,9,loop,0.9120900434106116,0.9096363536461824,-0.0024536897644291678,-0.0026974403063309005
237,CNN_matrix,9,stem_right,0.6900884116525707,0.9096363536461824,0.21954794199361172,0.24135792409084866
238,CNN_matrix,9,strech_right,0.5793512770061657,0.9096363536461824,0.3302850766400167,0.3630957308556364
239,CNN_matrix,9,pad_right,0.8924542379647366,0.9096363536461824,0.017182115681445898,0.01888899406072897
240,CNN_matrix_pretrained,0,base,0.9780282412545496,0.9780282412545496,0.0,0.0
241,CNN_matrix_pretrained,0,pad_left,0.9761937615017684,0.9780282412545496,0.0018344797527811707,0.0018756920049957104
242,CNN_matrix_pretrained,0,stretch_left,0.9592196901412312,0.9780282412545496,0.01880855111331836,0.019231092027763963
243,CNN_matrix_pretrained,0,stem_left,0.42715300625694186,0.9780282412545496,0.5508752349976077,0.5632508467147959
244,CNN_matrix_pretrained,0,loop,0.9762962727206608,0.9780282412545496,0.0017319685338887947,0.0017708778344346365
245,CNN_matrix_pretrained,0,stem_right,0.4043946977419358,0.9780282412545496,0.5736335435126138,0.5865204288751364
246,CNN_matrix_pretrained,0,strech_right,0.9125514393218368,0.9780282412545496,0.06547680193271277,0.0669477620081026
247,CNN_matrix_pretrained,0,pad_right,0.9758180535985924,0.9780282412545496,0.002210187655957152,0.002259840322322515
248,CNN_matrix_pretrained,1,base,0.9727215997519948,0.9727215997519948,0.0,0.0
249,CNN_matrix_pretrained,1,pad_left,0.970439196945656,0.9727215997519948,0.0022824028063388457,0.002346409092715551
250,CNN_matrix_pretrained,1,stretch_left,0.962687532355388,0.9727215997519948,0.010034067396606838,0.010315456549093938
251,CNN_matrix_pretrained,1,stem_left,0.44335752749364704,0.9727215997519948,0.5293640722583477,0.5442092294376053
252,CNN_matrix_pretrained,1,loop,0.9718794414987936,0.9727215997519948,0.0008421582532012195,0.0008657752160700083
253,CNN_matrix_pretrained,1,stem_right,0.408548767385461,0.9727215997519948,0.5641728323665338,0.5799941447896042
254,CNN_matrix_pretrained,1,strech_right,0.9135140064004292,0.9727215997519948,0.05920759335156556,0.06086797431727753
255,CNN_matrix_pretrained,1,pad_right,0.9720601994943406,0.9727215997519948,0.0006614002576541544,0.0006799481555902487
256,CNN_matrix_pretrained,2,base,0.9678971605037576,0.9678971605037576,0.0,0.0
257,CNN_matrix_pretrained,2,pad_left,0.964096685580672,0.9678971605037576,0.0038004749230856616,0.003926527608684838
258,CNN_matrix_pretrained,2,stretch_left,0.9475954342708052,0.9678971605037576,0.020301726232952455,0.0209750860539627
259,CNN_matrix_pretrained,2,stem_left,0.3648613131124209,0.9678971605037576,0.6030358473913366,0.6230371076587072
260,CNN_matrix_pretrained,2,loop,0.9649031467285324,0.9678971605037576,0.002994013775225235,0.0030933180686953943
261,CNN_matrix_pretrained,2,stem_right,0.3407023073738636,0.9678971605037576,0.6271948531298941,0.6479974099763455
262,CNN_matrix_pretrained,2,strech_right,0.8852227785851308,0.9678971605037576,0.08267438191862686,0.08541649391304929
263,CNN_matrix_pretrained,2,pad_right,0.9619460851386238,0.9678971605037576,0.00595107536513384,0.006148458336251883
264,CNN_matrix_pretrained,3,base,0.9392857605611884,0.9392857605611884,0.0,0.0
265,CNN_matrix_pretrained,3,pad_left,0.938604451074596,0.9392857605611884,0.0006813094865923963,0.000725348467100484
266,CNN_matrix_pretrained,3,stretch_left,0.9223726917917912,0.9392857605611884,0.016913068769397244,0.018006308068901578
267,CNN_matrix_pretrained,3,stem_left,0.27757645639285594,0.9392857605611884,0.6617093041683324,0.7044813537607402
268,CNN_matrix_pretrained,3,loop,0.9396869153882832,0.9392857605611884,-0.0004011548270947962,-0.0004270849659799847
269,CNN_matrix_pretrained,3,stem_right,0.24673892280518425,0.9392857605611884,0.6925468377560041,0.7373121863810999
270,CNN_matrix_pretrained,3,strech_right,0.8364457444388474,0.9392857605611884,0.10284001612234095,0.10948746424187017
271,CNN_matrix_pretrained,3,pad_right,0.9377555132969776,0.9392857605611884,0.0015302472642108045,0.001629160505208227
272,CNN_matrix_pretrained,4,base,0.9556655181210212,0.9556655181210212,0.0,0.0
273,CNN_matrix_pretrained,4,pad_left,0.9509484662568686,0.9556655181210212,0.0047170518641526105,0.0049358816183167065
274,CNN_matrix_pretrained,4,stretch_left,0.9109016466119608,0.9556655181210212,0.04476387150906036,0.046840521772798405
275,CNN_matrix_pretrained,4,stem_left,0.2847325367427015,0.9556655181210212,0.6709329813783197,0.7020583757144158
276,CNN_matrix_pretrained,4,loop,0.9588536499784795,0.9556655181210212,-0.003188131857458365,-0.0033360331590981396
277,CNN_matrix_pretrained,4,stem_right,0.25933517773531656,0.9556655181210212,0.6963303403857046,0.7286339489937781
278,CNN_matrix_pretrained,4,strech_right,0.8234739057328354,0.9556655181210212,0.13219161238818578,0.13832414153447103
279,CNN_matrix_pretrained,4,pad_right,0.9497347176396982,0.9556655181210212,0.005930800481322995,0.00620593750518883
280,CNN_matrix_pretrained,5,base,0.9437635987794594,0.9437635987794594,0.0,0.0
281,CNN_matrix_pretrained,5,pad_left,0.9400893634070466,0.9437635987794594,0.0036742353724127375,0.0038931734357676717
282,CNN_matrix_pretrained,5,stretch_left,0.9354932256002464,0.9437635987794594,0.008270373179212975,0.008763183057609814
283,CNN_matrix_pretrained,5,stem_left,0.3382093356573023,0.9437635987794594,0.6055542631221571,0.6416376557702606
284,CNN_matrix_pretrained,5,loop,0.9513277396691316,0.9437635987794594,-0.007564140889672277,-0.008014868235493244
285,CNN_matrix_pretrained,5,stem_right,0.31147518562763743,0.9437635987794594,0.6322884131518219,0.6699648237858943
286,CNN_matrix_pretrained,5,strech_right,0.8969014111349521,0.9437635987794594,0.046862187644507225,0.04965458267845113
287,CNN_matrix_pretrained,5,pad_right,0.9429606860867984,0.9437635987794594,0.0008029126926609731,0.0008507561572616007
288,CNN_matrix_pretrained,6,base,0.9369621797494828,0.9369621797494828,0.0,0.0
289,CNN_matrix_pretrained,6,pad_left,0.9313937136501168,0.9369621797494828,0.0055684660993660096,0.0059431065839337105
290,CNN_matrix_pretrained,6,stretch_left,0.9054071370589024,0.9369621797494828,0.031555042690580404,0.033678032446322836
291,CNN_matrix_pretrained,6,stem_left,0.3835934537316015,0.9369621797494828,0.5533687260178813,0.5905987861386641
292,CNN_matrix_pretrained,6,loop,0.9395479265029631,0.9369621797494828,-0.0025857467534803336,-0.002759713048579693
293,CNN_matrix_pretrained,6,stem_right,0.3660785054946552,0.9369621797494828,0.5708836742548276,0.6092921214893281
294,CNN_matrix_pretrained,6,strech_right,0.8311060835106638,0.9369621797494828,0.10585609623881898,0.112977981957737
295,CNN_matrix_pretrained,6,pad_right,0.9350026303561784,0.9369621797494828,0.0019595493933044494,0.002091385795132461
296,CNN_matrix_pretrained,7,base,0.9687955529816384,0.9687955529816384,0.0,0.0
297,CNN_matrix_pretrained,7,pad_left,0.9718505466054674,0.9687955529816384,-0.0030549936238289943,-0.003153393525008097
298,CNN_matrix_pretrained,7,stretch_left,0.9340188195220136,0.9687955529816384,0.03477673345962484,0.03589687561280952
299,CNN_matrix_pretrained,7,stem_left,0.3918725936455174,0.9687955529816384,0.576922959336121,0.5955053752678151
300,CNN_matrix_pretrained,7,loop,0.9697667591999064,0.9687955529816384,-0.0009712062182679615,-0.001002488311676153
301,CNN_matrix_pretrained,7,stem_right,0.3501500534086013,0.9687955529816384,0.6186454995730372,0.6385717788124099
302,CNN_matrix_pretrained,7,strech_right,0.9059651678697286,0.9687955529816384,0.06283038511190986,0.06485412212983255
303,CNN_matrix_pretrained,7,pad_right,0.9738136941484644,0.9687955529816384,-0.0050181411668259734,-0.005179773122803599
304,CNN_matrix_pretrained,8,base,0.9597390776105,0.9597390776105,0.0,0.0
305,CNN_matrix_pretrained,8,pad_left,0.9536999587339634,0.9597390776105,0.006039118876536631,0.006292459083329649
306,CNN_matrix_pretrained,8,stretch_left,0.9303168782493983,0.9597390776105,0.029422199361101686,0.030656456580214764
307,CNN_matrix_pretrained,8,stem_left,0.3148778589030019,0.9597390776105,0.6448612187074981,0.6719130581960197
308,CNN_matrix_pretrained,8,loop,0.9632221223350602,0.9597390776105,-0.0034830447245601803,-0.003629157972010466
309,CNN_matrix_pretrained,8,stem_right,0.31503071887559736,0.9597390776105,0.6447083587349027,0.6717537857685845
310,CNN_matrix_pretrained,8,strech_right,0.8722764786219959,0.9597390776105,0.08746259898850417,0.09113164299432641
311,CNN_matrix_pretrained,8,pad_right,0.9534438196394078,0.9597390776105,0.006295257971092205,0.006559343177695465
312,CNN_matrix_pretrained,9,base,0.9620057468747965,0.9620057468747965,0.0,0.0
313,CNN_matrix_pretrained,9,pad_left,0.954140632058514,0.9620057468747965,0.007865114816282492,0.008175746186375066
314,CNN_matrix_pretrained,9,stretch_left,0.947501461631686,0.9620057468747965,0.014504285243110426,0.015077129518435317
315,CNN_matrix_pretrained,9,stem_left,0.43479297987250376,0.9620057468747965,0.5272127670022927,0.5480349454408286
316,CNN_matrix_pretrained,9,loop,0.9641797573611888,0.9620057468747965,-0.0021740104863923193,-0.0022598726602776065
317,CNN_matrix_pretrained,9,stem_right,0.3717651657225308,0.9620057468747965,0.5902405811522656,0.6135520323758362
318,CNN_matrix_pretrained,9,strech_right,0.881714568103527,0.9620057468747965,0.08029117877126946,0.08346226520174749
319,CNN_matrix_pretrained,9,pad_right,0.9603304681457592,0.9620057468747965,0.0016752787290372773,0.0017414435771092585
320,LSTM_onehot,0,base,0.9242945869843806,0.9242945869843806,0.0,0.0
321,LSTM_onehot,0,pad_left,0.9114968381094408,0.9242945869843806,0.012797748874939785,0.013845963240674108
322,LSTM_onehot,0,stretch_left,0.899405812181025,0.9242945869843806,0.024888774803355607,0.026927318577682158
323,LSTM_onehot,0,stem_left,0.9052736248430884,0.9242945869843806,0.01902096214129223,0.020578895959296184
324,LSTM_onehot,0,loop,0.9311339680092096,0.9242945869843806,-0.00683938102482895,-0.007399568407236101
325,LSTM_onehot,0,stem_right,0.8826757511088965,0.9242945869843806,0.041618835875484095,0.045027674576425314
326,LSTM_onehot,0,strech_right,0.4334983915522059,0.9242945869843806,0.49079619543217473,0.5309954232594338
327,LSTM_onehot,0,pad_right,0.9160656019144,0.9242945869843806,0.008228985069980599,0.00890298957265201
328,LSTM_onehot,1,base,0.8710115203589556,0.8710115203589556,0.0,0.0
329,LSTM_onehot,1,pad_left,0.8297613087775452,0.8710115203589556,0.0412502115814104,0.04735897358098162
330,LSTM_onehot,1,stretch_left,0.8133688803333493,0.8710115203589556,0.05764264002560626,0.06617896397265899
331,LSTM_onehot,1,stem_left,0.8499088541312616,0.8710115203589556,0.021102666227693967,0.02422776936290949
332,LSTM_onehot,1,loop,0.8795891828262173,0.8710115203589556,-0.00857766246726177,-0.009847932279617666
333,LSTM_onehot,1,stem_right,0.8231685732587404,0.8710115203589556,0.047842947100215194,0.05492803020618886
334,LSTM_onehot,1,strech_right,0.4009158578932993,0.8710115203589556,0.47009566246565626,0.5397123361490368
335,LSTM_onehot,1,pad_right,0.8555667238945645,0.8710115203589556,0.01544479646439112,0.017732023174648837
336,LSTM_onehot,2,base,0.8665318079292774,0.8665318079292774,0.0,0.0
337,LSTM_onehot,2,pad_left,0.8199612001693668,0.8665318079292774,0.04657060775991062,0.05374367949769654
338,LSTM_onehot,2,stretch_left,0.8035985876845646,0.8665318079292774,0.06293322024471282,0.07262655527337447
339,LSTM_onehot,2,stem_left,0.8384785562336713,0.8665318079292774,0.02805325169560613,0.03237417419522548
340,LSTM_onehot,2,loop,0.8741996869024838,0.8665318079292774,-0.007667878973206421,-0.008848929610016487
341,LSTM_onehot,2,stem_right,0.8308768855444356,0.8665318079292774,0.0356549223848418,0.041146697742169724
342,LSTM_onehot,2,strech_right,0.4234945342736015,0.8665318079292774,0.4430372736556759,0.5112764120158353
343,LSTM_onehot,2,pad_right,0.8560842307211429,0.8665318079292774,0.010447577208134495,0.012056772887657385
344,LSTM_onehot,3,base,0.8990062590321309,0.8990062590321309,0.0,0.0
345,LSTM_onehot,3,pad_left,0.8770650501513136,0.8990062590321309,0.021941208880817298,0.024406069101720385
346,LSTM_onehot,3,stretch_left,0.8604120130944309,0.8990062590321309,0.0385942459377,0.04292989681657
347,LSTM_onehot,3,stem_left,0.8605796604648389,0.8990062590321309,0.038426598567292025,0.042743416056593486
348,LSTM_onehot,3,loop,0.8990717807827746,0.8990062590321309,-6.552175064367116e-05,-7.288241876568513e-05
349,LSTM_onehot,3,stem_right,0.8522534723168251,0.8990062590321309,0.046752786715305805,0.052004962418882195
350,LSTM_onehot,3,strech_right,0.4704646323858861,0.8990062590321309,0.42854162664624484,0.47668369640453034
351,LSTM_onehot,3,pad_right,0.8917413433102871,0.8990062590321309,0.007264915721843845,0.00808105132623349
352,LSTM_onehot,4,base,0.8900703546452395,0.8900703546452395,0.0,0.0
353,LSTM_onehot,4,pad_left,0.8595104950486768,0.8900703546452395,0.03055985959656271,0.03433420677036603
354,LSTM_onehot,4,stretch_left,0.8361850339153134,0.8900703546452395,0.053885320729926134,0.06054051845306485
355,LSTM_onehot,4,stem_left,0.8751422737692054,0.8900703546452395,0.014928080876034144,0.016771798766384127
356,LSTM_onehot,4,loop,0.8965221717095015,0.8900703546452395,-0.006451817064262011,-0.007248659648745992
357,LSTM_onehot,4,stem_right,0.8554038657773788,0.8900703546452395,0.03466648886786072,0.03894803223917953
358,LSTM_onehot,4,strech_right,0.4990150855654348,0.8900703546452395,0.39105526907980476,0.439353211843203
359,LSTM_onehot,4,pad_right,0.8748316973579903,0.8900703546452395,0.015238657287249269,0.01712073344283327
360,LSTM_onehot,5,base,0.8624642881078889,0.8624642881078889,0.0,0.0
361,LSTM_onehot,5,pad_left,0.8322867591860299,0.8624642881078889,0.030177528921858987,0.03498988808923753
362,LSTM_onehot,5,stretch_left,0.8093801089017517,0.8624642881078889,0.05308417920613717,0.061549422901434614
363,LSTM_onehot,5,stem_left,0.8305570307774031,0.8624642881078889,0.03190725733048583,0.03699545334275267
364,LSTM_onehot,5,loop,0.8769187643594257,0.8624642881078889,-0.01445447625153684,-0.01675950697419326
365,LSTM_onehot,5,stem_right,0.8112097317747691,0.8624642881078889,0.051254556333119816,0.059428033183338225
366,LSTM_onehot,5,strech_right,0.4369473420898535,0.8624642881078889,0.4255169460180354,0.49337340906201776
367,LSTM_onehot,5,pad_right,0.8504495749192691,0.8624642881078889,0.012014713188619797,0.013930679048727024
368,LSTM_onehot,6,base,0.8790331860373337,0.8790331860373337,0.0,0.0
369,LSTM_onehot,6,pad_left,0.8473050634358346,0.8790331860373337,0.031728122601499154,0.036094339901464934
370,LSTM_onehot,6,stretch_left,0.8284904073750455,0.8790331860373337,0.05054277866228818,0.057498146219182145
371,LSTM_onehot,6,stem_left,0.8510640002871817,0.8790331860373337,0.02796918575015206,0.031818122676615546
372,LSTM_onehot,6,loop,0.8920402507738321,0.8790331860373337,-0.013007064736498375,-0.014797012152788058
373,LSTM_onehot,6,stem_right,0.8054357101234497,0.8790331860373337,0.07359747591388399,0.08372548054261764
374,LSTM_onehot,6,strech_right,0.4170906672243356,0.8790331860373337,0.46194251881299814,0.5255120354391021
375,LSTM_onehot,6,pad_right,0.8703943583566869,0.8790331860373337,0.008638827680646832,0.009827646803177603
376,LSTM_onehot,7,base,0.9521220219610012,0.9521220219610012,0.0,0.0
377,LSTM_onehot,7,pad_left,0.927754272779884,0.9521220219610012,0.02436774918111717,0.02559309481250005
378,LSTM_onehot,7,stretch_left,0.9212418880544404,0.9521220219610012,0.030880133906560747,0.032432958375397836
379,LSTM_onehot,7,stem_left,0.9289401909056226,0.9521220219610012,0.02318183105537852,0.02434754214342505
380,LSTM_onehot,7,loop,0.9573559905531484,0.9521220219610012,-0.005233968592147198,-0.005497161573226883
381,LSTM_onehot,7,stem_right,0.92172656792455,0.9521220219610012,0.030395454036451164,0.03192390611221063
382,LSTM_onehot,7,strech_right,0.5019370089678621,0.9521220219610012,0.45018501299313907,0.4728228132628768
383,LSTM_onehot,7,pad_right,0.9447011498091497,0.9521220219610012,0.007420872151851499,0.00779403477777707
384,LSTM_onehot,8,base,0.9147203717089136,0.9147203717089136,0.0,0.0
385,LSTM_onehot,8,pad_left,0.8852436522843461,0.9147203717089136,0.029476719424567532,0.03222484196946229
386,LSTM_onehot,8,stretch_left,0.8656618318780755,0.9147203717089136,0.04905853983083808,0.05363228080203919
387,LSTM_onehot,8,stem_left,0.8783764284283242,0.9147203717089136,0.03634394328058943,0.03973229896770569
388,LSTM_onehot,8,loop,0.916086972399022,0.9147203717089136,-0.0013666006901084105,-0.0014940092430162366
389,LSTM_onehot,8,stem_right,0.858433661946591,0.9147203717089136,0.05628670976232264,0.06153433497623517
390,LSTM_onehot,8,strech_right,0.4100740015560346,0.9147203717089136,0.504646370152879,0.5516946880827421
391,LSTM_onehot,8,pad_right,0.9055690109764258,0.9147203717089136,0.00915136073248779,0.010004544575071495
392,LSTM_onehot,9,base,0.8890679797977614,0.8890679797977614,0.0,0.0
393,LSTM_onehot,9,pad_left,0.8775884888382912,0.8890679797977614,0.011479490959470207,0.012911825889940887
394,LSTM_onehot,9,stretch_left,0.828708456185616,0.8890679797977614,0.06035952361214547,0.0678907856133516
395,LSTM_onehot,9,stem_left,0.8534349047873284,0.8890679797977614,0.035633075010433,0.04007913435206445
396,LSTM_onehot,9,loop,0.8941342418672571,0.8890679797977614,-0.005066262069495675,-0.005698396730751787
397,LSTM_onehot,9,stem_right,0.8369638216054148,0.8890679797977614,0.052104158192346595,0.05860537031622581
398,LSTM_onehot,9,strech_right,0.4506153437021461,0.8890679797977614,0.4384526360956153,0.4931598551050632
399,LSTM_onehot,9,pad_right,0.877735495135404,0.8890679797977614,0.011332484662357367,0.012746477119708222
400,LSTM_onehot_pretrained,0,base,0.931304959199762,0.931304959199762,0.0,0.0
401,LSTM_onehot_pretrained,0,pad_left,0.919065422479958,0.931304959199762,0.012239536719803934,0.013142351062235269
402,LSTM_onehot_pretrained,0,stretch_left,0.9121676203160544,0.931304959199762,0.01913733888370761,0.020548949830731744
403,LSTM_onehot_pretrained,0,stem_left,0.8583345652065544,0.931304959199762,0.0729703939932076,0.07835284594200864
404,LSTM_onehot_pretrained,0,loop,0.9375374109033616,0.931304959199762,-0.006232451703599651,-0.006692170638664896
405,LSTM_onehot_pretrained,0,stem_right,0.8185630213651192,0.931304959199762,0.11274193783464281,0.12105802371278906
406,LSTM_onehot_pretrained,0,strech_right,0.6370753917495839,0.931304959199762,0.29422956745017803,0.31593256810636905
407,LSTM_onehot_pretrained,0,pad_right,0.9231792124896226,0.931304959199762,0.008125746710139325,0.008725119124375236
408,LSTM_onehot_pretrained,1,base,0.9182491296281418,0.9182491296281418,0.0,0.0
409,LSTM_onehot_pretrained,1,pad_left,0.8947446612109031,0.9182491296281418,0.023504468417238633,0.02559704949217556
410,LSTM_onehot_pretrained,1,stretch_left,0.8860744106716343,0.9182491296281418,0.032174718956507475,0.03503920441453301
411,LSTM_onehot_pretrained,1,stem_left,0.790420351957991,0.9182491296281418,0.12782877767015077,0.1392092554685207
412,LSTM_onehot_pretrained,1,loop,0.9185089254766584,0.9182491296281418,-0.00025979584851665294,-0.00028292523252582136
413,LSTM_onehot_pretrained,1,stem_right,0.7531012351582167,0.9182491296281418,0.16514789446992506,0.17985085870629036
414,LSTM_onehot_pretrained,1,strech_right,0.6105518543251592,0.9182491296281418,0.3076972753029825,0.3350912790166095
415,LSTM_onehot_pretrained,1,pad_right,0.905141679193854,0.9182491296281418,0.013107450434287737,0.014274394618370878
416,LSTM_onehot_pretrained,2,base,0.9440400885582408,0.9440400885582408,0.0,0.0
417,LSTM_onehot_pretrained,2,pad_left,0.9170928619214596,0.9440400885582408,0.026947226636781285,0.028544578734930326
418,LSTM_onehot_pretrained,2,stretch_left,0.9006285015516458,0.9440400885582408,0.04341158700659509,0.04598489781603898
419,LSTM_onehot_pretrained,2,stem_left,0.8175565576787146,0.9440400885582408,0.12648353087952624,0.13398110145162878
420,LSTM_onehot_pretrained,2,loop,0.9415027410243152,0.9440400885582408,0.002537347533925649,0.002687754010320398
421,LSTM_onehot_pretrained,2,stem_right,0.7951765969020902,0.9440400885582408,0.14886349165615065,0.1576876802800804
422,LSTM_onehot_pretrained,2,strech_right,0.6003943076996198,0.9440400885582408,0.3436457808586211,0.36401608896021
423,LSTM_onehot_pretrained,2,pad_right,0.9336401673703412,0.9440400885582408,0.010399921187899674,0.011016397835162506
424,LSTM_onehot_pretrained,3,base,0.8999845342958117,0.8999845342958117,0.0,0.0
425,LSTM_onehot_pretrained,3,pad_left,0.8782763878990429,0.8999845342958117,0.021708146396768768,0.024120577153866507
426,LSTM_onehot_pretrained,3,stretch_left,0.8516496878804775,0.8999845342958117,0.048334846415334254,0.05370630780133745
427,LSTM_onehot_pretrained,3,stem_left,0.8213613889976314,0.8999845342958117,0.07862314529818026,0.08736055154514244
428,LSTM_onehot_pretrained,3,loop,0.9019041369605008,0.8999845342958117,-0.0019196026646890463,-0.0021329285021447486
429,LSTM_onehot_pretrained,3,stem_right,0.78411420347683,0.8999845342958117,0.11587033081898168,0.12874702442486285
430,LSTM_onehot_pretrained,3,strech_right,0.5368774226390847,0.8999845342958117,0.36310711165672704,0.4034592793762154
431,LSTM_onehot_pretrained,3,pad_right,0.8957345577996634,0.8999845342958117,0.004249976496148333,0.004722277254990526
432,LSTM_onehot_pretrained,4,base,0.9562864151406796,0.9562864151406796,0.0,0.0
433,LSTM_onehot_pretrained,4,pad_left,0.9524761068846052,0.9562864151406796,0.003810308256074424,0.003984484350866624
434,LSTM_onehot_pretrained,4,stretch_left,0.9370476036154208,0.9562864151406796,0.019238811525258748,0.02011825246145371
435,LSTM_onehot_pretrained,4,stem_left,0.8692838248187851,0.9562864151406796,0.0870025903218945,0.09097963637713657
436,LSTM_onehot_pretrained,4,loop,0.9585075671421298,0.9562864151406796,-0.002221152001450233,-0.0023226848842388126
437,LSTM_onehot_pretrained,4,stem_right,0.8473138007371693,0.9562864151406796,0.10897261440351025,0.11395395006994768
438,LSTM_onehot_pretrained,4,strech_right,0.6711222468932666,0.9562864151406796,0.285164168247413,0.2981995391050938
439,LSTM_onehot_pretrained,4,pad_right,0.950393266878124,0.9562864151406796,0.005893148262555603,0.006162534748220483
440,LSTM_onehot_pretrained,5,base,0.9163964656384096,0.9163964656384096,0.0,0.0
441,LSTM_onehot_pretrained,5,pad_left,0.9009409614572086,0.9163964656384096,0.015455504181201007,0.016865521377184556
442,LSTM_onehot_pretrained,5,stretch_left,0.8810987925497761,0.9163964656384096,0.03529767308863352,0.03851790618162554
443,LSTM_onehot_pretrained,5,stem_left,0.8279813861745081,0.9163964656384096,0.08841507946390148,0.09648125323389034
444,LSTM_onehot_pretrained,5,loop,0.9213237598450664,0.9163964656384096,-0.004927294206656829,-0.00537681493918063
445,LSTM_onehot_pretrained,5,stem_right,0.8027947965715404,0.9163964656384096,0.1136016690668692,0.12396563422767937
446,LSTM_onehot_pretrained,5,strech_right,0.5975031320020799,0.9163964656384096,0.31889333363632966,0.3479862107654157
447,LSTM_onehot_pretrained,5,pad_right,0.8965281533187026,0.9163964656384096,0.019868312319706982,0.021680913299753635
448,LSTM_onehot_pretrained,6,base,0.8971858258529376,0.8971858258529376,0.0,0.0
449,LSTM_onehot_pretrained,6,pad_left,0.8783931969740828,0.8971858258529376,0.0187926288788548,0.020946194575676702
450,LSTM_onehot_pretrained,6,stretch_left,0.8654002323069281,0.8971858258529376,0.031785593546009516,0.0354281048920847
451,LSTM_onehot_pretrained,6,stem_left,0.7972946960554369,0.8971858258529376,0.0998911297975007,0.11133828346266628
452,LSTM_onehot_pretrained,6,loop,0.9026319169999336,0.8971858258529376,-0.005446091146996013,-0.006070193030321747
453,LSTM_onehot_pretrained,6,stem_right,0.7492816647794454,0.8971858258529376,0.14790416107349225,0.16485343037255695
454,LSTM_onehot_pretrained,6,strech_right,0.5000363854156608,0.8971858258529376,0.39714944043727685,0.44266129601380444
455,LSTM_onehot_pretrained,6,pad_right,0.8903602764926001,0.8971858258529376,0.006825549360337524,0.00760773204798304
456,LSTM_onehot_pretrained,7,base,0.9315492741895459,0.9315492741895459,0.0,0.0
457,LSTM_onehot_pretrained,7,pad_left,0.9025072852946312,0.9315492741895459,0.029041988894914716,0.03117600936373599
458,LSTM_onehot_pretrained,7,stretch_left,0.8881066216883912,0.9315492741895459,0.043442652501154755,0.04663484123150663
459,LSTM_onehot_pretrained,7,stem_left,0.8039214884547742,0.9315492741895459,0.12762778573477174,0.13700594189803728
460,LSTM_onehot_pretrained,7,loop,0.9370346981295794,0.9315492741895459,-0.005485423940033485,-0.005888495747909728
461,LSTM_onehot_pretrained,7,stem_right,0.7738975529044467,0.9315492741895459,0.1576517212850992,0.1692360518688153
462,LSTM_onehot_pretrained,7,strech_right,0.5922609500892104,0.9315492741895459,0.3392883241003355,0.3642194068537261
463,LSTM_onehot_pretrained,7,pad_right,0.9209311907578008,0.9315492741895459,0.010618083431745085,0.011398305732117975
464,LSTM_onehot_pretrained,8,base,0.9260724776923054,0.9260724776923054,0.0,0.0
465,LSTM_onehot_pretrained,8,pad_left,0.9138891123153696,0.9260724776923054,0.012183365376935762,0.013155952336793009
466,LSTM_onehot_pretrained,8,stretch_left,0.8893336970261878,0.9260724776923054,0.036738780666117576,0.03967160406026482
467,LSTM_onehot_pretrained,8,stem_left,0.8472189287912579,0.9260724776923054,0.07885354890104745,0.08514835587981606
468,LSTM_onehot_pretrained,8,loop,0.9297505059495872,0.9260724776923054,-0.003678028257281807,-0.003971641902637213
469,LSTM_onehot_pretrained,8,stem_right,0.8256549334443644,0.9260724776923054,0.10041754424794103,0.10843378533197867
470,LSTM_onehot_pretrained,8,strech_right,0.5914126375236384,0.9260724776923054,0.334659840168667,0.36137543035790365
471,LSTM_onehot_pretrained,8,pad_right,0.9195575015265056,0.9260724776923054,0.0065149761657997685,0.007035060778433411
472,LSTM_onehot_pretrained,9,base,0.8612354899437575,0.8612354899437575,0.0,0.0
473,LSTM_onehot_pretrained,9,pad_left,0.8737048271699579,0.8612354899437575,-0.012469337226200361,-0.014478429386386216
474,LSTM_onehot_pretrained,9,stretch_left,0.8206208804598085,0.8612354899437575,0.040614609483949016,0.047158541372466334
475,LSTM_onehot_pretrained,9,stem_left,0.7902430131280979,0.8612354899437575,0.07099247681565968,0.08243096997813659
476,LSTM_onehot_pretrained,9,loop,0.8771550488963721,0.8612354899437575,-0.015919558952614543,-0.018484559842806947
477,LSTM_onehot_pretrained,9,stem_right,0.7705165989584772,0.8612354899437575,0.0907188909852803,0.10533575548681195
478,LSTM_onehot_pretrained,9,strech_right,0.4942674520883971,0.8612354899437575,0.3669680378553604,0.4260948859403426
479,LSTM_onehot_pretrained,9,pad_right,0.8470348800796444,0.8612354899437575,0.01420060986411309,0.016488649190525617
480,ARNold,0,base,0.989247311827957,0.989247311827957,0.0,0.0
481,ARNold,0,pad_left,0.974910394265233,0.989247311827957,0.014336917562724039,0.01449275362318847
482,ARNold,0,stretch_left,0.8960573476702509,0.989247311827957,0.09318996415770608,0.09420289855072461
483,ARNold,0,stem_left,0.10752688172043011,0.989247311827957,0.8817204301075269,0.8913043478260869
484,ARNold,0,loop,0.9770609318996416,0.989247311827957,0.012186379928315394,0.01231884057971011
485,ARNold,0,stem_right,0.10681003584229391,0.989247311827957,0.8824372759856631,0.8920289855072464
486,ARNold,0,strech_right,0.6566308243727599,0.989247311827957,0.3326164874551971,0.336231884057971
487,ARNold,0,pad_right,0.989247311827957,0.989247311827957,0.0,0.0
488,ARNold,1,base,0.9404761904761905,0.9404761904761905,0.0,0.0
489,ARNold,1,pad_left,0.9214285714285714,0.9404761904761905,0.01904761904761909,0.020253164556962022
490,ARNold,1,stretch_left,0.9103174603174603,0.9404761904761905,0.030158730158730163,0.03206751054852319
491,ARNold,1,stem_left,0.11428571428571428,0.9404761904761905,0.8261904761904761,0.8784810126582279
492,ARNold,1,loop,0.9547619047619048,0.9404761904761905,-0.014285714285714346,-0.0151898734177216
493,ARNold,1,stem_right,0.09047619047619047,0.9404761904761905,0.85,0.9037974683544304
494,ARNold,1,strech_right,0.5777777777777777,0.9404761904761905,0.36269841269841274,0.3856540084388186
495,ARNold,1,pad_right,0.9404761904761905,0.9404761904761905,0.0,0.0
496,ARNold,2,base,0.9509803921568627,0.9509803921568627,0.0,0.0
497,ARNold,2,pad_left,0.9333333333333333,0.9509803921568627,0.01764705882352935,0.01855670103092777
498,ARNold,2,stretch_left,0.8666666666666667,0.9509803921568627,0.084313725490196,0.0886597938144329
499,ARNold,2,stem_left,0.11045751633986928,0.9509803921568627,0.8405228758169934,0.8838487972508591
500,ARNold,2,loop,0.9529411764705882,0.9509803921568627,-0.0019607843137254832,-0.0020618556701030855
501,ARNold,2,stem_right,0.10784313725490197,0.9509803921568627,0.8431372549019607,0.8865979381443299
502,ARNold,2,strech_right,0.6359477124183006,0.9509803921568627,0.3150326797385621,0.3312714776632303
503,ARNold,2,pad_right,0.9509803921568627,0.9509803921568627,0.0,0.0
504,ARNold,3,base,0.9230769230769231,0.9230769230769231,0.0,0.0
505,ARNold,3,pad_left,0.9098901098901099,0.9230769230769231,0.013186813186813251,0.014285714285714346
506,ARNold,3,stretch_left,0.832967032967033,0.9230769230769231,0.09010989010989012,0.0976190476190476
507,ARNold,3,stem_left,0.073992673992674,0.9230769230769231,0.8490842490842492,0.9198412698412699
508,ARNold,3,loop,0.904029304029304,0.9230769230769231,0.01904761904761909,0.020634920634920673
509,ARNold,3,stem_right,0.08131868131868132,0.9230769230769231,0.8417582417582418,0.9119047619047619
510,ARNold,3,strech_right,0.6344322344322344,0.9230769230769231,0.28864468864468873,0.3126984126984128
511,ARNold,3,pad_right,0.9120879120879121,0.9230769230769231,0.010989010989011061,0.011904761904761973
512,ARNold,4,base,0.9574468085106383,0.9574468085106383,0.0,0.0
513,ARNold,4,pad_left,0.9475177304964539,0.9574468085106383,0.009929078014184411,0.010370370370370363
514,ARNold,4,stretch_left,0.8822695035460993,0.9574468085106383,0.075177304964539,0.07851851851851854
515,ARNold,4,stem_left,0.12127659574468085,0.9574468085106383,0.8361702127659575,0.8733333333333333
516,ARNold,4,loop,0.9567375886524823,0.9574468085106383,0.0007092198581560849,0.0007407407407408195
517,ARNold,4,stem_right,0.12056737588652482,0.9574468085106383,0.8368794326241136,0.8740740740740741
518,ARNold,4,strech_right,0.6602836879432624,0.9574468085106383,0.2971631205673759,0.3103703703703704
519,ARNold,4,pad_right,0.9574468085106383,0.9574468085106383,0.0,0.0
520,ARNold,5,base,0.9347826086956522,0.9347826086956522,0.0,0.0
521,ARNold,5,pad_left,0.9173913043478261,0.9347826086956522,0.017391304347826098,0.018604651162790753
522,ARNold,5,stretch_left,0.868840579710145,0.9347826086956522,0.06594202898550727,0.07054263565891472
523,ARNold,5,stem_left,0.1108695652173913,0.9347826086956522,0.8239130434782609,0.8813953488372093
524,ARNold,5,loop,0.9398550724637681,0.9347826086956522,-0.005072463768115876,-0.005426356589147252
525,ARNold,5,stem_right,0.09855072463768116,0.9347826086956522,0.836231884057971,0.8945736434108527
526,ARNold,5,strech_right,0.6036231884057971,0.9347826086956522,0.3311594202898551,0.3542635658914729
527,ARNold,5,pad_right,0.9347826086956522,0.9347826086956522,0.0,0.0
528,ARNold,6,base,0.946236559139785,0.946236559139785,0.0,0.0
529,ARNold,6,pad_left,0.9390681003584229,0.946236559139785,0.007168458781362075,0.00757575757575768
530,ARNold,6,stretch_left,0.8637992831541219,0.946236559139785,0.08243727598566308,0.08712121212121215
531,ARNold,6,stem_left,0.10681003584229391,0.946236559139785,0.8394265232974911,0.8871212121212121
532,ARNold,6,loop,0.9541218637992831,0.946236559139785,-0.007885304659498105,-0.008333333333333304
533,ARNold,6,stem_right,0.11326164874551971,0.946236559139785,0.8329749103942653,0.8803030303030304
534,ARNold,6,strech_right,0.6114695340501792,0.946236559139785,0.33476702508960576,0.35378787878787876
535,ARNold,6,pad_right,0.946236559139785,0.946236559139785,0.0,0.0
536,ARNold,7,base,0.9911504424778761,0.9911504424778761,0.0,0.0
537,ARNold,7,pad_left,0.9752212389380531,0.9911504424778761,0.015929203539822967,0.016071428571428514
538,ARNold,7,stretch_left,0.9345132743362832,0.9911504424778761,0.05663716814159292,0.05714285714285716
539,ARNold,7,stem_left,0.12212389380530973,0.9911504424778761,0.8690265486725663,0.8767857142857143
540,ARNold,7,loop,0.9923303834808259,0.9911504424778761,-0.0011799410029498247,-0.0011904761904761862
541,ARNold,7,stem_right,0.11327433628318584,0.9911504424778761,0.8778761061946903,0.8857142857142857
542,ARNold,7,strech_right,0.6182890855457227,0.9911504424778761,0.3728613569321534,0.3761904761904762
543,ARNold,7,pad_right,0.9911504424778761,0.9911504424778761,0.0,0.0
544,ARNold,8,base,0.9494949494949495,0.9494949494949495,0.0,0.0
545,ARNold,8,pad_left,0.9306397306397306,0.9494949494949495,0.018855218855218903,0.019858156028368823
546,ARNold,8,stretch_left,0.8888888888888888,0.9494949494949495,0.06060606060606066,0.06382978723404265
547,ARNold,8,stem_left,0.09158249158249158,0.9494949494949495,0.857912457912458,0.9035460992907801
548,ARNold,8,loop,0.9447811447811448,0.9494949494949495,0.00471380471380467,0.00496453900709215
549,ARNold,8,stem_right,0.09225589225589226,0.9494949494949495,0.8572390572390572,0.9028368794326241
550,ARNold,8,strech_right,0.5973063973063973,0.9494949494949495,0.35218855218855216,0.37092198581560276
551,ARNold,8,pad_right,0.9494949494949495,0.9494949494949495,0.0,0.0
552,ARNold,9,base,0.9239130434782609,0.9239130434782609,0.0,0.0
553,ARNold,9,pad_left,0.9072463768115943,0.9239130434782609,0.016666666666666607,0.018039215686274424
554,ARNold,9,stretch_left,0.8840579710144928,0.9239130434782609,0.03985507246376807,0.04313725490196074
555,ARNold,9,stem_left,0.1355072463768116,0.9239130434782609,0.7884057971014493,0.8533333333333333
556,ARNold,9,loop,0.9202898550724637,0.9239130434782609,0.0036231884057971175,0.0039215686274509665
557,ARNold,9,stem_right,0.09492753623188406,0.9239130434782609,0.8289855072463768,0.8972549019607843
558,ARNold,9,strech_right,0.6202898550724638,0.9239130434782609,0.30362318840579705,0.32862745098039214
559,ARNold,9,pad_right,0.9239130434782609,0.9239130434782609,0.0,0.0
